stage,workload,workers,block_mib,trial,warmup,arm,phase,process_ms,verified,hashed,cached,read_bytes,cpu_hashes,gpu_hashes,gpu_setup_ms,calibration_ms,pgo_enabled,pgo_samples,pgo_exploration_jobs,gpu_overflow_jobs,cpu_spill_jobs
prototype,small,4,1,-1,True,new-no-pgo,fresh,1644.4059999193996,True,20000,0,348672000,20000,0,0.0,0.0,0,0,0,0,0
prototype,small,4,1,-1,True,new-no-pgo,cache,554.7400000505149,True,0,20000,0,0,0,0.0,0.0,0,0,0,0,0
prototype,small,4,1,-1,True,new-cpu,fresh,1679.4358000624925,True,20000,0,348672000,20000,0,0.0,0.0,1,311,0,0,0
prototype,small,4,1,-1,True,new-cpu,cache,730.8761000167578,True,0,20000,0,0,0,0.0,0.0,1,0,0,0,0
prototype,small,4,1,-1,True,baseline-auto,fresh,1663.689099950716,True,20000,0,348672000,20000,0,0.0,0.0,,,,0,0
prototype,small,4,1,-1,True,baseline-auto,cache,547.1582999452949,True,0,20000,0,0,0,0.0,0.0,,,,0,0
prototype,small,4,1,-1,True,new-auto,fresh,1599.382899934426,True,20000,0,348672000,20000,0,0.0,0.0,1,311,0,0,0
prototype,small,4,1,-1,True,new-auto,cache,540.6239000149071,True,0,20000,0,0,0,0.0,0.0,1,0,0,0,0
prototype,small,4,1,0,False,new-no-pgo,fresh,1575.235800119117,True,20000,0,348672000,20000,0,0.0,0.0,0,0,0,0,0
prototype,small,4,1,0,False,new-no-pgo,cache,560.349800158292,True,0,20000,0,0,0,0.0,0.0,0,0,0,0,0
prototype,small,4,1,0,False,new-cpu,fresh,1582.4984998907894,True,20000,0,348672000,20000,0,0.0,0.0,1,311,0,0,0
prototype,small,4,1,0,False,new-cpu,cache,546.2068999186158,True,0,20000,0,0,0,0.0,0.0,1,0,0,0,0
prototype,small,4,1,0,False,baseline-auto,fresh,1559.8770000506192,True,20000,0,348672000,20000,0,0.0,0.0,,,,0,0
prototype,small,4,1,0,False,baseline-auto,cache,526.8920999951661,True,0,20000,0,0,0,0.0,0.0,,,,0,0
prototype,small,4,1,0,False,new-auto,fresh,1622.6941999047995,True,20000,0,348672000,20000,0,0.0,0.0,1,310,0,0,0
prototype,small,4,1,0,False,new-auto,cache,552.9966000467539,True,0,20000,0,0,0,0.0,0.0,1,0,0,0,0
prototype,small,4,1,1,False,new-cpu,fresh,1588.4242001920938,True,20000,0,348672000,20000,0,0.0,0.0,1,310,0,0,0
prototype,small,4,1,1,False,new-cpu,cache,541.7655999772251,True,0,20000,0,0,0,0.0,0.0,1,0,0,0,0
prototype,small,4,1,1,False,baseline-auto,fresh,1596.0379999596626,True,20000,0,348672000,20000,0,0.0,0.0,,,,0,0
prototype,small,4,1,1,False,baseline-auto,cache,529.7785999719054,True,0,20000,0,0,0,0.0,0.0,,,,0,0
prototype,small,4,1,1,False,new-auto,fresh,1553.3872998785228,True,20000,0,348672000,20000,0,0.0,0.0,1,310,0,0,0
prototype,small,4,1,1,False,new-auto,cache,529.9442000687122,True,0,20000,0,0,0,0.0,0.0,1,0,0,0,0
prototype,small,4,1,1,False,new-no-pgo,fresh,1553.4998001530766,True,20000,0,348672000,20000,0,0.0,0.0,0,0,0,0,0
prototype,small,4,1,1,False,new-no-pgo,cache,531.6612999886274,True,0,20000,0,0,0,0.0,0.0,0,0,0,0,0
prototype,small,4,1,2,False,new-no-pgo,fresh,1609.409699914977,True,20000,0,348672000,20000,0,0.0,0.0,0,0,0,0,0
prototype,small,4,1,2,False,new-no-pgo,cache,548.1710999738425,True,0,20000,0,0,0,0.0,0.0,0,0,0,0,0
prototype,small,4,1,2,False,baseline-auto,fresh,1577.729000011459,True,20000,0,348672000,20000,0,0.0,0.0,,,,0,0
prototype,small,4,1,2,False,baseline-auto,cache,526.0308000724763,True,0,20000,0,0,0,0.0,0.0,,,,0,0
prototype,small,4,1,2,False,new-cpu,fresh,1550.539999967441,True,20000,0,348672000,20000,0,0.0,0.0,1,311,0,0,0
prototype,small,4,1,2,False,new-cpu,cache,555.2202998660505,True,0,20000,0,0,0,0.0,0.0,1,0,0,0,0
prototype,small,4,1,2,False,new-auto,fresh,1551.09510011971,True,20000,0,348672000,20000,0,0.0,0.0,1,311,0,0,0
prototype,small,4,1,2,False,new-auto,cache,568.1363998446614,True,0,20000,0,0,0,0.0,0.0,1,0,0,0,0
prototype,small,4,1,3,False,baseline-auto,fresh,1562.1272998396307,True,20000,0,348672000,20000,0,0.0,0.0,,,,0,0
prototype,small,4,1,3,False,baseline-auto,cache,557.6724000275135,True,0,20000,0,0,0,0.0,0.0,,,,0,0
prototype,small,4,1,3,False,new-no-pgo,fresh,1566.6469999123365,True,20000,0,348672000,20000,0,0.0,0.0,0,0,0,0,0
prototype,small,4,1,3,False,new-no-pgo,cache,565.560600021854,True,0,20000,0,0,0,0.0,0.0,0,0,0,0,0
prototype,small,4,1,3,False,new-cpu,fresh,1583.987400168553,True,20000,0,348672000,20000,0,0.0,0.0,1,310,0,0,0
prototype,small,4,1,3,False,new-cpu,cache,540.4177000746131,True,0,20000,0,0,0,0.0,0.0,1,0,0,0,0
prototype,small,4,1,3,False,new-auto,fresh,1552.9656999278814,True,20000,0,348672000,20000,0,0.0,0.0,1,311,0,0,0
prototype,small,4,1,3,False,new-auto,cache,610.7912000734359,True,0,20000,0,0,0,0.0,0.0,1,0,0,0,0
prototype,small,4,1,4,False,new-no-pgo,fresh,1774.6179001405835,True,20000,0,348672000,20000,0,0.0,0.0,0,0,0,0,0
prototype,small,4,1,4,False,new-no-pgo,cache,552.5595999788493,True,0,20000,0,0,0,0.0,0.0,0,0,0,0,0
prototype,small,4,1,4,False,new-cpu,fresh,1530.9172000270337,True,20000,0,348672000,20000,0,0.0,0.0,1,311,0,0,0
prototype,small,4,1,4,False,new-cpu,cache,543.2380000129342,True,0,20000,0,0,0,0.0,0.0,1,0,0,0,0
prototype,small,4,1,4,False,baseline-auto,fresh,1611.6497998591512,True,20000,0,348672000,20000,0,0.0,0.0,,,,0,0
prototype,small,4,1,4,False,baseline-auto,cache,587.5548000913113,True,0,20000,0,0,0,0.0,0.0,,,,0,0
prototype,small,4,1,4,False,new-auto,fresh,1580.5665999650955,True,20000,0,348672000,20000,0,0.0,0.0,1,311,0,0,0
prototype,small,4,1,4,False,new-auto,cache,539.1844999976456,True,0,20000,0,0,0,0.0,0.0,1,0,0,0,0
prototype,small,4,1,5,False,baseline-auto,fresh,1737.4110999517143,True,20000,0,348672000,20000,0,0.0,0.0,,,,0,0
prototype,small,4,1,5,False,baseline-auto,cache,552.0941000431776,True,0,20000,0,0,0,0.0,0.0,,,,0,0
prototype,small,4,1,5,False,new-no-pgo,fresh,1534.5604000613093,True,20000,0,348672000,20000,0,0.0,0.0,0,0,0,0,0
prototype,small,4,1,5,False,new-no-pgo,cache,538.227700162679,True,0,20000,0,0,0,0.0,0.0,0,0,0,0,0
prototype,small,4,1,5,False,new-auto,fresh,1651.3398000970483,True,20000,0,348672000,20000,0,0.0,0.0,1,311,0,0,0
prototype,small,4,1,5,False,new-auto,cache,514.2662001308054,True,0,20000,0,0,0,0.0,0.0,1,0,0,0,0
prototype,small,4,1,5,False,new-cpu,fresh,1564.0522998292,True,20000,0,348672000,20000,0,0.0,0.0,1,311,0,0,0
prototype,small,4,1,5,False,new-cpu,cache,593.842500122264,True,0,20000,0,0,0,0.0,0.0,1,0,0,0,0
prototype,small,4,1,6,False,new-no-pgo,fresh,1576.985500054434,True,20000,0,348672000,20000,0,0.0,0.0,0,0,0,0,0
prototype,small,4,1,6,False,new-no-pgo,cache,560.0308000575751,True,0,20000,0,0,0,0.0,0.0,0,0,0,0,0
prototype,small,4,1,6,False,new-auto,fresh,1523.7368000671268,True,20000,0,348672000,20000,0,0.0,0.0,1,310,0,0,0
prototype,small,4,1,6,False,new-auto,cache,614.8153999820352,True,0,20000,0,0,0,0.0,0.0,1,0,0,0,0
prototype,small,4,1,6,False,new-cpu,fresh,1679.100199835375,True,20000,0,348672000,20000,0,0.0,0.0,1,311,0,0,0
prototype,small,4,1,6,False,new-cpu,cache,511.4988998975605,True,0,20000,0,0,0,0.0,0.0,1,0,0,0,0
prototype,small,4,1,6,False,baseline-auto,fresh,1481.706399936229,True,20000,0,348672000,20000,0,0.0,0.0,,,,0,0
prototype,small,4,1,6,False,baseline-auto,cache,493.3279000688344,True,0,20000,0,0,0,0.0,0.0,,,,0,0
prototype,tex-like,20,64,-1,True,new-no-pgo,fresh,4051.18630011566,True,20001,0,102093184,20000,1,197.495,0.0,0,0,0,0,0
prototype,tex-like,20,64,-1,True,new-no-pgo,cache,1099.6681000106037,True,0,20001,0,0,0,0.0,0.0,0,0,0,0,0
prototype,tex-like,20,64,-1,True,new-cpu,fresh,3832.7831998467445,True,20001,0,102093184,20001,0,0.0,0.0,1,303,0,0,0
prototype,tex-like,20,64,-1,True,new-cpu,cache,998.4881000127643,True,0,20001,0,0,0,0.0,0.0,1,0,0,0,0
prototype,tex-like,20,64,-1,True,baseline-auto,fresh,4560.398000059649,True,20001,0,102093184,20000,1,761.04,573.234,,,,0,0
prototype,tex-like,20,64,-1,True,baseline-auto,cache,1045.1931999996305,True,0,20001,0,0,0,0.0,0.0,,,,0,0
prototype,tex-like,20,64,-1,True,new-auto,fresh,4125.050900038332,True,20001,0,102093184,20000,1,296.454,146.633,1,302,0,0,0
prototype,tex-like,20,64,-1,True,new-auto,cache,1012.4793001450598,True,0,20001,0,0,0,0.0,0.0,1,0,0,0,0
prototype,tex-like,20,64,0,False,new-no-pgo,fresh,3900.127299828455,True,20001,0,102093184,20000,1,164.75,0.0,0,0,0,0,0
prototype,tex-like,20,64,0,False,new-no-pgo,cache,1094.8159999679774,True,0,20001,0,0,0,0.0,0.0,0,0,0,0,0
prototype,tex-like,20,64,0,False,new-cpu,fresh,4241.943100001663,True,20001,0,102093184,20001,0,0.0,0.0,1,303,0,0,0
prototype,tex-like,20,64,0,False,new-cpu,cache,1028.4470999613404,True,0,20001,0,0,0,0.0,0.0,1,0,0,0,0
prototype,tex-like,20,64,0,False,baseline-auto,fresh,4847.963700070977,True,20001,0,102093184,20000,1,796.226,554.535,,,,0,0
prototype,tex-like,20,64,0,False,baseline-auto,cache,1059.3276000581682,True,0,20001,0,0,0,0.0,0.0,,,,0,0
prototype,tex-like,20,64,0,False,new-auto,fresh,4463.221800047904,True,20001,0,102093184,20000,1,360.381,146.391,1,304,0,0,0
prototype,tex-like,20,64,0,False,new-auto,cache,1046.1562999989837,True,0,20001,0,0,0,0.0,0.0,1,0,0,0,0
prototype,tex-like,20,64,1,False,new-cpu,fresh,4243.320900015533,True,20001,0,102093184,20001,0,0.0,0.0,1,302,0,0,0
prototype,tex-like,20,64,1,False,new-cpu,cache,1095.8941001445055,True,0,20001,0,0,0,0.0,0.0,1,0,0,0,0
prototype,tex-like,20,64,1,False,baseline-auto,fresh,4980.080500012264,True,20001,0,102093184,20000,1,807.195,596.561,,,,0,0
prototype,tex-like,20,64,1,False,baseline-auto,cache,1120.6012000329792,True,0,20001,0,0,0,0.0,0.0,,,,0,0
prototype,tex-like,20,64,1,False,new-auto,fresh,4518.60690000467,True,20001,0,102093184,20000,1,399.509,154.077,1,303,0,0,0
prototype,tex-like,20,64,1,False,new-auto,cache,1079.4503001961857,True,0,20001,0,0,0,0.0,0.0,1,0,0,0,0
prototype,tex-like,20,64,1,False,new-no-pgo,fresh,4323.789200047031,True,20001,0,102093184,20000,1,145.622,0.0,0,0,0,0,0
prototype,tex-like,20,64,1,False,new-no-pgo,cache,1058.7936001829803,True,0,20001,0,0,0,0.0,0.0,0,0,0,0,0
prototype,tex-like,20,64,2,False,new-no-pgo,fresh,4408.760400023311,True,20001,0,102093184,20000,1,168.136,0.0,0,0,0,0,0
prototype,tex-like,20,64,2,False,new-no-pgo,cache,1078.242699848488,True,0,20001,0,0,0,0.0,0.0,0,0,0,0,0
prototype,tex-like,20,64,2,False,baseline-auto,fresh,5025.47309990041,True,20001,0,102093184,20000,1,838.34,580.543,,,,0,0
prototype,tex-like,20,64,2,False,baseline-auto,cache,1065.0218999944627,True,0,20001,0,0,0,0.0,0.0,,,,0,0
prototype,tex-like,20,64,2,False,new-cpu,fresh,4340.134399943054,True,20001,0,102093184,20001,0,0.0,0.0,1,304,0,0,0
prototype,tex-like,20,64,2,False,new-cpu,cache,1089.0599999111146,True,0,20001,0,0,0,0.0,0.0,1,0,0,0,0
prototype,tex-like,20,64,2,False,new-auto,fresh,4509.179099928588,True,20001,0,102093184,20000,1,363.796,141.048,1,304,0,0,0
prototype,tex-like,20,64,2,False,new-auto,cache,1101.1924999766052,True,0,20001,0,0,0,0.0,0.0,1,0,0,0,0
prototype,tex-like,20,64,3,False,baseline-auto,fresh,4990.66529981792,True,20001,0,102093184,20000,1,750.909,555.128,,,,0,0
prototype,tex-like,20,64,3,False,baseline-auto,cache,1072.8007000871003,True,0,20001,0,0,0,0.0,0.0,,,,0,0
prototype,tex-like,20,64,3,False,new-no-pgo,fresh,4403.355000074953,True,20001,0,102093184,20000,1,244.512,0.0,0,0,0,0,0
prototype,tex-like,20,64,3,False,new-no-pgo,cache,1072.8384999092668,True,0,20001,0,0,0,0.0,0.0,0,0,0,0,0
prototype,tex-like,20,64,3,False,new-cpu,fresh,4302.984799956903,True,20001,0,102093184,20001,0,0.0,0.0,1,305,0,0,0
prototype,tex-like,20,64,3,False,new-cpu,cache,1089.1390999313444,True,0,20001,0,0,0,0.0,0.0,1,0,0,0,0
prototype,tex-like,20,64,3,False,new-auto,fresh,4504.161800025031,True,20001,0,102093184,20000,1,378.31,142.603,1,304,0,0,0
prototype,tex-like,20,64,3,False,new-auto,cache,1130.0723999738693,True,0,20001,0,0,0,0.0,0.0,1,0,0,0,0
prototype,tex-like,20,64,4,False,new-no-pgo,fresh,4405.225600115955,True,20001,0,102093184,20000,1,189.196,0.0,0,0,0,0,0
prototype,tex-like,20,64,4,False,new-no-pgo,cache,1132.8578998800367,True,0,20001,0,0,0,0.0,0.0,0,0,0,0,0
prototype,tex-like,20,64,4,False,new-cpu,fresh,4366.70930008404,True,20001,0,102093184,20001,0,0.0,0.0,1,303,0,0,0
prototype,tex-like,20,64,4,False,new-cpu,cache,1226.1232000309974,True,0,20001,0,0,0,0.0,0.0,1,0,0,0,0
prototype,tex-like,20,64,4,False,baseline-auto,fresh,5066.17460004054,True,20001,0,102093184,20000,1,798.396,610.977,,,,0,0
prototype,tex-like,20,64,4,False,baseline-auto,cache,1074.066000059247,True,0,20001,0,0,0,0.0,0.0,,,,0,0
prototype,tex-like,20,64,4,False,new-auto,fresh,4590.191999915987,True,20001,0,102093184,20000,1,358.456,138.739,1,304,0,0,0
prototype,tex-like,20,64,4,False,new-auto,cache,1074.3718000594527,True,0,20001,0,0,0,0.0,0.0,1,0,0,0,0
prototype,tex-like,20,64,5,False,baseline-auto,fresh,4995.344300055876,True,20001,0,102093184,20000,1,760.429,567.872,,,,0,0
prototype,tex-like,20,64,5,False,baseline-auto,cache,1050.7151000201702,True,0,20001,0,0,0,0.0,0.0,,,,0,0
prototype,tex-like,20,64,5,False,new-no-pgo,fresh,4729.353599948809,True,20001,0,102093184,20000,1,180.156,0.0,0,0,0,0,0
prototype,tex-like,20,64,5,False,new-no-pgo,cache,1063.120000064373,True,0,20001,0,0,0,0.0,0.0,0,0,0,0,0
prototype,tex-like,20,64,5,False,new-auto,fresh,4469.74639990367,True,20001,0,102093184,20000,1,497.884,162.04,1,302,0,0,0
prototype,tex-like,20,64,5,False,new-auto,cache,1039.476899895817,True,0,20001,0,0,0,0.0,0.0,1,0,0,0,0
prototype,tex-like,20,64,5,False,new-cpu,fresh,4430.514599895105,True,20001,0,102093184,20001,0,0.0,0.0,1,303,0,0,0
prototype,tex-like,20,64,5,False,new-cpu,cache,1084.5548000652343,True,0,20001,0,0,0,0.0,0.0,1,0,0,0,0
prototype,tex-like,20,64,6,False,new-no-pgo,fresh,4473.736800020561,True,20001,0,102093184,20000,1,262.497,0.0,0,0,0,0,0
prototype,tex-like,20,64,6,False,new-no-pgo,cache,1004.9969998653978,True,0,20001,0,0,0,0.0,0.0,0,0,0,0,0
prototype,tex-like,20,64,6,False,new-auto,fresh,4695.414199959487,True,20001,0,102093184,20000,1,350.945,151.703,1,304,0,0,0
prototype,tex-like,20,64,6,False,new-auto,cache,1077.7107998728752,True,0,20001,0,0,0,0.0,0.0,1,0,0,0,0
prototype,tex-like,20,64,6,False,new-cpu,fresh,4423.909900011495,True,20001,0,102093184,20001,0,0.0,0.0,1,304,0,0,0
prototype,tex-like,20,64,6,False,new-cpu,cache,1102.5517999660224,True,0,20001,0,0,0,0.0,0.0,1,0,0,0,0
prototype,tex-like,20,64,6,False,baseline-auto,fresh,5311.338399769738,True,20001,0,102093184,20000,1,794.458,568.212,,,,0,0
prototype,tex-like,20,64,6,False,baseline-auto,cache,1042.0775001402944,True,0,20001,0,0,0,0.0,0.0,,,,0,0
real-learning,small,4,1,-1,True,new-no-pgo,fresh,1467.1360000502318,True,20000,0,348672000,20000,0,0.0,0.0,0,0,0,0,0
real-learning,small,4,1,-1,True,new-no-pgo,cache,526.2711001560092,True,0,20000,0,0,0,0.0,0.0,0,0,0,0,0
real-learning,small,4,1,-1,True,new-cpu,fresh,1461.0033999197185,True,20000,0,348672000,20000,0,0.0,0.0,1,310,0,0,0
real-learning,small,4,1,-1,True,new-cpu,cache,517.695700051263,True,0,20000,0,0,0,0.0,0.0,1,0,0,0,0
real-learning,small,4,1,-1,True,baseline-auto,fresh,1469.6613000705838,True,20000,0,348672000,20000,0,0.0,0.0,,,,0,0
real-learning,small,4,1,-1,True,baseline-auto,cache,537.5437999609858,True,0,20000,0,0,0,0.0,0.0,,,,0,0
real-learning,small,4,1,-1,True,new-auto,fresh,1430.6395999155939,True,20000,0,348672000,20000,0,0.0,0.0,1,311,0,0,0
real-learning,small,4,1,-1,True,new-auto,cache,595.9352999925613,True,0,20000,0,0,0,0.0,0.0,1,0,0,0,0
real-learning,small,4,1,0,False,new-no-pgo,fresh,1488.4741001296788,True,20000,0,348672000,20000,0,0.0,0.0,0,0,0,0,0
real-learning,small,4,1,0,False,new-no-pgo,cache,512.4735001008958,True,0,20000,0,0,0,0.0,0.0,0,0,0,0,0
real-learning,small,4,1,0,False,new-cpu,fresh,1419.0791000146419,True,20000,0,348672000,20000,0,0.0,0.0,1,310,0,0,0
real-learning,small,4,1,0,False,new-cpu,cache,553.9486000780016,True,0,20000,0,0,0,0.0,0.0,1,0,0,0,0
real-learning,small,4,1,0,False,baseline-auto,fresh,1444.3584000691772,True,20000,0,348672000,20000,0,0.0,0.0,,,,0,0
real-learning,small,4,1,0,False,baseline-auto,cache,497.9851001407951,True,0,20000,0,0,0,0.0,0.0,,,,0,0
real-learning,small,4,1,0,False,new-auto,fresh,1423.090900061652,True,20000,0,348672000,20000,0,0.0,0.0,1,311,0,0,0
real-learning,small,4,1,0,False,new-auto,cache,492.77369980700314,True,0,20000,0,0,0,0.0,0.0,1,0,0,0,0
real-learning,small,4,1,1,False,new-cpu,fresh,1454.8667999915779,True,20000,0,348672000,20000,0,0.0,0.0,1,311,0,0,0
real-learning,small,4,1,1,False,new-cpu,cache,497.58960003964603,True,0,20000,0,0,0,0.0,0.0,1,0,0,0,0
real-learning,small,4,1,1,False,baseline-auto,fresh,1500.7750999648124,True,20000,0,348672000,20000,0,0.0,0.0,,,,0,0
real-learning,small,4,1,1,False,baseline-auto,cache,511.4706000313163,True,0,20000,0,0,0,0.0,0.0,,,,0,0
real-learning,small,4,1,1,False,new-auto,fresh,1444.987899856642,True,20000,0,348672000,20000,0,0.0,0.0,1,311,0,0,0
real-learning,small,4,1,1,False,new-auto,cache,517.6725001074374,True,0,20000,0,0,0,0.0,0.0,1,0,0,0,0
real-learning,small,4,1,1,False,new-no-pgo,fresh,1428.2328998669982,True,20000,0,348672000,20000,0,0.0,0.0,0,0,0,0,0
real-learning,small,4,1,1,False,new-no-pgo,cache,504.83999983407557,True,0,20000,0,0,0,0.0,0.0,0,0,0,0,0
real-learning,small,4,1,2,False,new-no-pgo,fresh,1450.8740999735892,True,20000,0,348672000,20000,0,0.0,0.0,0,0,0,0,0
real-learning,small,4,1,2,False,new-no-pgo,cache,541.8173000216484,True,0,20000,0,0,0,0.0,0.0,0,0,0,0,0
real-learning,small,4,1,2,False,baseline-auto,fresh,1445.3577999956906,True,20000,0,348672000,20000,0,0.0,0.0,,,,0,0
real-learning,small,4,1,2,False,baseline-auto,cache,488.68110007606447,True,0,20000,0,0,0,0.0,0.0,,,,0,0
real-learning,small,4,1,2,False,new-cpu,fresh,1505.7938999962062,True,20000,0,348672000,20000,0,0.0,0.0,1,310,0,0,0
real-learning,small,4,1,2,False,new-cpu,cache,509.82200005091727,True,0,20000,0,0,0,0.0,0.0,1,0,0,0,0
real-learning,small,4,1,2,False,new-auto,fresh,1411.2700000405312,True,20000,0,348672000,20000,0,0.0,0.0,1,310,0,0,0
real-learning,small,4,1,2,False,new-auto,cache,513.5353999212384,True,0,20000,0,0,0,0.0,0.0,1,0,0,0,0
real-learning,small,4,1,3,False,baseline-auto,fresh,1453.6027999129146,True,20000,0,348672000,20000,0,0.0,0.0,,,,0,0
real-learning,small,4,1,3,False,baseline-auto,cache,497.89390014484525,True,0,20000,0,0,0,0.0,0.0,,,,0,0
real-learning,small,4,1,3,False,new-no-pgo,fresh,1515.054800081998,True,20000,0,348672000,20000,0,0.0,0.0,0,0,0,0,0
real-learning,small,4,1,3,False,new-no-pgo,cache,494.45090000517666,True,0,20000,0,0,0,0.0,0.0,0,0,0,0,0
real-learning,small,4,1,3,False,new-cpu,fresh,1467.0250001363456,True,20000,0,348672000,20000,0,0.0,0.0,1,310,0,0,0
real-learning,small,4,1,3,False,new-cpu,cache,493.60299995169044,True,0,20000,0,0,0,0.0,0.0,1,0,0,0,0
real-learning,small,4,1,3,False,new-auto,fresh,1420.3733000904322,True,20000,0,348672000,20000,0,0.0,0.0,1,311,0,0,0
real-learning,small,4,1,3,False,new-auto,cache,496.2676998693496,True,0,20000,0,0,0,0.0,0.0,1,0,0,0,0
real-learning,small,4,1,4,False,new-no-pgo,fresh,1427.315599983558,True,20000,0,348672000,20000,0,0.0,0.0,0,0,0,0,0
real-learning,small,4,1,4,False,new-no-pgo,cache,520.3879999462515,True,0,20000,0,0,0,0.0,0.0,0,0,0,0,0
real-learning,small,4,1,4,False,new-cpu,fresh,1415.555799845606,True,20000,0,348672000,20000,0,0.0,0.0,1,311,0,0,0
real-learning,small,4,1,4,False,new-cpu,cache,508.244700031355,True,0,20000,0,0,0,0.0,0.0,1,0,0,0,0
real-learning,small,4,1,4,False,baseline-auto,fresh,1394.6086999494582,True,20000,0,348672000,20000,0,0.0,0.0,,,,0,0
real-learning,small,4,1,4,False,baseline-auto,cache,504.1175000369549,True,0,20000,0,0,0,0.0,0.0,,,,0,0
real-learning,small,4,1,4,False,new-auto,fresh,1367.8982998244464,True,20000,0,348672000,20000,0,0.0,0.0,1,310,0,0,0
real-learning,small,4,1,4,False,new-auto,cache,496.83289998210967,True,0,20000,0,0,0,0.0,0.0,1,0,0,0,0
real-learning,small,4,1,5,False,baseline-auto,fresh,1382.0136000867933,True,20000,0,348672000,20000,0,0.0,0.0,,,,0,0
real-learning,small,4,1,5,False,baseline-auto,cache,486.47010000422597,True,0,20000,0,0,0,0.0,0.0,,,,0,0
real-learning,small,4,1,5,False,new-no-pgo,fresh,1436.186600010842,True,20000,0,348672000,20000,0,0.0,0.0,0,0,0,0,0
real-learning,small,4,1,5,False,new-no-pgo,cache,485.2144999895245,True,0,20000,0,0,0,0.0,0.0,0,0,0,0,0
real-learning,small,4,1,5,False,new-auto,fresh,1459.1326001100242,True,20000,0,348672000,20000,0,0.0,0.0,1,310,0,0,0
real-learning,small,4,1,5,False,new-auto,cache,518.932200036943,True,0,20000,0,0,0,0.0,0.0,1,0,0,0,0
real-learning,small,4,1,5,False,new-cpu,fresh,1452.9905000235885,True,20000,0,348672000,20000,0,0.0,0.0,1,311,0,0,0
real-learning,small,4,1,5,False,new-cpu,cache,520.5522999167442,True,0,20000,0,0,0,0.0,0.0,1,0,0,0,0
real-learning,small,4,1,6,False,new-no-pgo,fresh,1385.3413998149335,True,20000,0,348672000,20000,0,0.0,0.0,0,0,0,0,0
real-learning,small,4,1,6,False,new-no-pgo,cache,508.4633999504149,True,0,20000,0,0,0,0.0,0.0,0,0,0,0,0
real-learning,small,4,1,6,False,new-auto,fresh,1440.4732999391854,True,20000,0,348672000,20000,0,0.0,0.0,1,311,0,0,0
real-learning,small,4,1,6,False,new-auto,cache,488.9720000792295,True,0,20000,0,0,0,0.0,0.0,1,0,0,0,0
real-learning,small,4,1,6,False,new-cpu,fresh,1432.8213999979198,True,20000,0,348672000,20000,0,0.0,0.0,1,311,0,0,0
real-learning,small,4,1,6,False,new-cpu,cache,488.6352999601513,True,0,20000,0,0,0,0.0,0.0,1,0,0,0,0
real-learning,small,4,1,6,False,baseline-auto,fresh,1408.328799996525,True,20000,0,348672000,20000,0,0.0,0.0,,,,0,0
real-learning,small,4,1,6,False,baseline-auto,cache,516.2933999672532,True,0,20000,0,0,0,0.0,0.0,,,,0,0
real-learning,tex-like,20,64,-1,True,new-no-pgo,fresh,4179.412700003013,True,20001,0,102093184,20000,1,272.104,0.0,0,0,0,0,0
real-learning,tex-like,20,64,-1,True,new-no-pgo,cache,1093.6559000983834,True,0,20001,0,0,0,0.0,0.0,0,0,0,0,0
real-learning,tex-like,20,64,-1,True,new-cpu,fresh,3835.1016000378877,True,20001,0,102093184,20001,0,0.0,0.0,1,303,0,0,0
real-learning,tex-like,20,64,-1,True,new-cpu,cache,1155.490499921143,True,0,20001,0,0,0,0.0,0.0,1,0,0,0,0
real-learning,tex-like,20,64,-1,True,baseline-auto,fresh,4547.937799943611,True,20001,0,102093184,20000,1,797.063,580.615,,,,0,0
real-learning,tex-like,20,64,-1,True,baseline-auto,cache,1050.5295998882502,True,0,20001,0,0,0,0.0,0.0,,,,0,0
real-learning,tex-like,20,64,-1,True,new-auto,fresh,3892.0815999154,True,20001,0,102093184,20000,1,226.25,0.0,1,305,1,0,0
real-learning,tex-like,20,64,-1,True,new-auto,cache,1091.1275001708418,True,0,20001,0,0,0,0.0,0.0,1,0,0,0,0
real-learning,tex-like,20,64,0,False,new-no-pgo,fresh,3916.5042000822723,True,20001,0,102093184,20000,1,228.18,0.0,0,0,0,0,0
real-learning,tex-like,20,64,0,False,new-no-pgo,cache,1055.7299999054521,True,0,20001,0,0,0,0.0,0.0,0,0,0,0,0
real-learning,tex-like,20,64,0,False,new-cpu,fresh,3728.514200076461,True,20001,0,102093184,20001,0,0.0,0.0,1,304,0,0,0
real-learning,tex-like,20,64,0,False,new-cpu,cache,1037.80940012075,True,0,20001,0,0,0,0.0,0.0,1,0,0,0,0
real-learning,tex-like,20,64,0,False,baseline-auto,fresh,4467.547300038859,True,20001,0,102093184,20001,0,1439.099,1086.22,,,,0,0
real-learning,tex-like,20,64,0,False,baseline-auto,cache,1041.7625999543816,True,0,20001,0,0,0,0.0,0.0,,,,0,0
real-learning,tex-like,20,64,0,False,new-auto,fresh,3848.0481000151485,True,20001,0,102093184,20000,1,177.627,0.0,1,303,1,0,0
real-learning,tex-like,20,64,0,False,new-auto,cache,1016.4642001036555,True,0,20001,0,0,0,0.0,0.0,1,0,0,0,0
real-learning,tex-like,20,64,1,False,new-cpu,fresh,3984.874299960211,True,20001,0,102093184,20001,0,0.0,0.0,1,304,0,0,0
real-learning,tex-like,20,64,1,False,new-cpu,cache,1000.426399987191,True,0,20001,0,0,0,0.0,0.0,1,0,0,0,0
real-learning,tex-like,20,64,1,False,baseline-auto,fresh,4778.4855999052525,True,20001,0,102093184,20000,1,796.348,546.983,,,,0,0
real-learning,tex-like,20,64,1,False,baseline-auto,cache,1031.922899885103,True,0,20001,0,0,0,0.0,0.0,,,,0,0
real-learning,tex-like,20,64,1,False,new-auto,fresh,4309.245300013572,True,20001,0,102093184,20000,1,188.048,0.0,1,301,1,0,0
real-learning,tex-like,20,64,1,False,new-auto,cache,1119.1545000765473,True,0,20001,0,0,0,0.0,0.0,1,0,0,0,0
real-learning,tex-like,20,64,1,False,new-no-pgo,fresh,4396.862299880013,True,20001,0,102093184,20000,1,189.619,0.0,0,0,0,0,0
real-learning,tex-like,20,64,1,False,new-no-pgo,cache,1084.6223998814821,True,0,20001,0,0,0,0.0,0.0,0,0,0,0,0
real-learning,tex-like,20,64,2,False,new-no-pgo,fresh,4379.455100046471,True,20001,0,102093184,20000,1,200.652,0.0,0,0,0,0,0
real-learning,tex-like,20,64,2,False,new-no-pgo,cache,1034.0098000597209,True,0,20001,0,0,0,0.0,0.0,0,0,0,0,0
real-learning,tex-like,20,64,2,False,baseline-auto,fresh,4937.8522001206875,True,20001,0,102093184,20000,1,698.447,556.395,,,,0,0
real-learning,tex-like,20,64,2,False,baseline-auto,cache,1079.0095999836922,True,0,20001,0,0,0,0.0,0.0,,,,0,0
real-learning,tex-like,20,64,2,False,new-cpu,fresh,4272.288499865681,True,20001,0,102093184,20001,0,0.0,0.0,1,302,0,0,0
real-learning,tex-like,20,64,2,False,new-cpu,cache,1100.8075999561697,True,0,20001,0,0,0,0.0,0.0,1,0,0,0,0
real-learning,tex-like,20,64,2,False,new-auto,fresh,4388.570599956438,True,20001,0,102093184,20000,1,169.995,0.0,1,306,1,0,0
real-learning,tex-like,20,64,2,False,new-auto,cache,1073.7129000481218,True,0,20001,0,0,0,0.0,0.0,1,0,0,0,0
real-learning,tex-like,20,64,3,False,baseline-auto,fresh,4884.331000037491,True,20001,0,102093184,20000,1,997.88,553.246,,,,0,0
real-learning,tex-like,20,64,3,False,baseline-auto,cache,1068.0567000526935,True,0,20001,0,0,0,0.0,0.0,,,,0,0
real-learning,tex-like,20,64,3,False,new-no-pgo,fresh,4349.78979988955,True,20001,0,102093184,20000,1,216.431,0.0,0,0,0,0,0
real-learning,tex-like,20,64,3,False,new-no-pgo,cache,1062.0969999581575,True,0,20001,0,0,0,0.0,0.0,0,0,0,0,0
real-learning,tex-like,20,64,3,False,new-cpu,fresh,4284.948999993503,True,20001,0,102093184,20001,0,0.0,0.0,1,304,0,0,0
real-learning,tex-like,20,64,3,False,new-cpu,cache,1064.8036999627948,True,0,20001,0,0,0,0.0,0.0,1,0,0,0,0
real-learning,tex-like,20,64,3,False,new-auto,fresh,4387.622100068256,True,20001,0,102093184,20000,1,146.265,0.0,1,300,1,0,0
real-learning,tex-like,20,64,3,False,new-auto,cache,1077.2496000863612,True,0,20001,0,0,0,0.0,0.0,1,0,0,0,0
real-learning,tex-like,20,64,4,False,new-no-pgo,fresh,4380.738300038502,True,20001,0,102093184,20000,1,256.344,0.0,0,0,0,0,0
real-learning,tex-like,20,64,4,False,new-no-pgo,cache,1057.6075999997556,True,0,20001,0,0,0,0.0,0.0,0,0,0,0,0
real-learning,tex-like,20,64,4,False,new-cpu,fresh,4298.725999891758,True,20001,0,102093184,20001,0,0.0,0.0,1,302,0,0,0
real-learning,tex-like,20,64,4,False,new-cpu,cache,1098.0175998993218,True,0,20001,0,0,0,0.0,0.0,1,0,0,0,0
real-learning,tex-like,20,64,4,False,baseline-auto,fresh,4961.73799992539,True,20001,0,102093184,20000,1,807.036,574.115,,,,0,0
real-learning,tex-like,20,64,4,False,baseline-auto,cache,1097.5126998964697,True,0,20001,0,0,0,0.0,0.0,,,,0,0
real-learning,tex-like,20,64,4,False,new-auto,fresh,4372.047499986365,True,20001,0,102093184,20000,1,207.753,0.0,1,303,1,0,0
real-learning,tex-like,20,64,4,False,new-auto,cache,1093.6950000468642,True,0,20001,0,0,0,0.0,0.0,1,0,0,0,0
real-learning,tex-like,20,64,5,False,baseline-auto,fresh,4911.31899994798,True,20001,0,102093184,20000,1,787.844,548.792,,,,0,0
real-learning,tex-like,20,64,5,False,baseline-auto,cache,1095.0442999601364,True,0,20001,0,0,0,0.0,0.0,,,,0,0
real-learning,tex-like,20,64,5,False,new-no-pgo,fresh,4454.685299890116,True,20001,0,102093184,20000,1,198.885,0.0,0,0,0,0,0
real-learning,tex-like,20,64,5,False,new-no-pgo,cache,1060.1820999290794,True,0,20001,0,0,0,0.0,0.0,0,0,0,0,0
real-learning,tex-like,20,64,5,False,new-auto,fresh,4420.29990023002,True,20001,0,102093184,20000,1,287.589,0.0,1,304,1,0,0
real-learning,tex-like,20,64,5,False,new-auto,cache,1056.382399983704,True,0,20001,0,0,0,0.0,0.0,1,0,0,0,0
real-learning,tex-like,20,64,5,False,new-cpu,fresh,4289.59279996343,True,20001,0,102093184,20001,0,0.0,0.0,1,302,0,0,0
real-learning,tex-like,20,64,5,False,new-cpu,cache,1054.0713998489082,True,0,20001,0,0,0,0.0,0.0,1,0,0,0,0
real-learning,tex-like,20,64,6,False,new-no-pgo,fresh,4408.660500077531,True,20001,0,102093184,20000,1,386.358,0.0,0,0,0,0,0
real-learning,tex-like,20,64,6,False,new-no-pgo,cache,1082.0309999398887,True,0,20001,0,0,0,0.0,0.0,0,0,0,0,0
real-learning,tex-like,20,64,6,False,new-auto,fresh,4438.995599979535,True,20001,0,102093184,20000,1,452.791,0.0,1,304,1,0,0
real-learning,tex-like,20,64,6,False,new-auto,cache,1058.2059000153095,True,0,20001,0,0,0,0.0,0.0,1,0,0,0,0
real-learning,tex-like,20,64,6,False,new-cpu,fresh,4298.404600005597,True,20001,0,102093184,20001,0,0.0,0.0,1,302,0,0,0
real-learning,tex-like,20,64,6,False,new-cpu,cache,1116.2288999184966,True,0,20001,0,0,0,0.0,0.0,1,0,0,0,0
real-learning,tex-like,20,64,6,False,baseline-auto,fresh,5421.926699811593,True,20001,0,102093184,20000,1,784.988,570.682,,,,0,0
real-learning,tex-like,20,64,6,False,baseline-auto,cache,1071.607300080359,True,0,20001,0,0,0,0.0,0.0,,,,0,0
real-learning,mixed,4,1,-1,True,new-no-pgo,fresh,1153.1054999213666,True,138,0,5368930688,136,2,179.101,0.0,0,0,0,1,0
real-learning,mixed,4,1,-1,True,new-no-pgo,cache,58.03780001588166,True,0,138,0,0,0,0.0,0.0,0,0,0,0,0
real-learning,mixed,4,1,-1,True,new-cpu,fresh,1093.0854000616819,True,138,0,5368930688,138,0,0.0,0.0,1,10,0,0,0
real-learning,mixed,4,1,-1,True,new-cpu,cache,58.635300025343895,True,0,138,0,0,0,0.0,0.0,1,0,0,0,0
real-learning,mixed,4,1,-1,True,baseline-auto,fresh,1050.9079999756068,True,138,0,5368930688,136,2,325.622,166.202,,,,1,0
real-learning,mixed,4,1,-1,True,baseline-auto,cache,56.02580006234348,True,0,138,0,0,0,0.0,0.0,,,,0,0
real-learning,mixed,4,1,-1,True,new-auto,fresh,936.498399823904,True,138,0,5368930688,136,2,118.814,0.0,1,10,1,1,0
real-learning,mixed,4,1,-1,True,new-auto,cache,52.73290001787245,True,0,138,0,0,0,0.0,0.0,1,0,0,0,0
real-learning,mixed,4,1,0,False,new-no-pgo,fresh,929.5279998332262,True,138,0,5368930688,136,2,136.09,0.0,0,0,0,1,0
real-learning,mixed,4,1,0,False,new-no-pgo,cache,61.08959997072816,True,0,138,0,0,0,0.0,0.0,0,0,0,0,0
real-learning,mixed,4,1,0,False,new-cpu,fresh,966.0517000593245,True,138,0,5368930688,138,0,0.0,0.0,1,10,0,0,0
real-learning,mixed,4,1,0,False,new-cpu,cache,47.433999832719564,True,0,138,0,0,0,0.0,0.0,1,0,0,0,0
real-learning,mixed,4,1,0,False,baseline-auto,fresh,991.4615000598133,True,138,0,5368930688,136,2,300.79,188.223,,,,1,0
real-learning,mixed,4,1,0,False,baseline-auto,cache,44.465099927037954,True,0,138,0,0,0,0.0,0.0,,,,0,0
real-learning,mixed,4,1,0,False,new-auto,fresh,886.2940999679267,True,138,0,5368930688,136,2,128.407,0.0,1,10,1,1,0
real-learning,mixed,4,1,0,False,new-auto,cache,61.526000034064054,True,0,138,0,0,0,0.0,0.0,1,0,0,0,0
real-learning,mixed,4,1,1,False,new-cpu,fresh,924.2402999661863,True,138,0,5368930688,138,0,0.0,0.0,1,10,0,0,0
real-learning,mixed,4,1,1,False,new-cpu,cache,46.41250008717179,True,0,138,0,0,0,0.0,0.0,1,0,0,0,0
real-learning,mixed,4,1,1,False,baseline-auto,fresh,948.898300062865,True,138,0,5368930688,136,2,281.597,161.207,,,,1,0
real-learning,mixed,4,1,1,False,baseline-auto,cache,50.41310004889965,True,0,138,0,0,0,0.0,0.0,,,,0,0
real-learning,mixed,4,1,1,False,new-auto,fresh,818.2410998269916,True,138,0,5368930688,136,2,125.994,0.0,1,10,1,1,0
real-learning,mixed,4,1,1,False,new-auto,cache,58.223400032147765,True,0,138,0,0,0,0.0,0.0,1,0,0,0,0
real-learning,mixed,4,1,1,False,new-no-pgo,fresh,775.9230001829565,True,138,0,5368930688,136,2,112.426,0.0,0,0,0,1,0
real-learning,mixed,4,1,1,False,new-no-pgo,cache,48.696700017899275,True,0,138,0,0,0,0.0,0.0,0,0,0,0,0
real-learning,mixed,4,1,2,False,new-no-pgo,fresh,943.7798000872135,True,138,0,5368930688,136,2,125.53,0.0,0,0,0,1,0
real-learning,mixed,4,1,2,False,new-no-pgo,cache,49.54499984160066,True,0,138,0,0,0,0.0,0.0,0,0,0,0,0
real-learning,mixed,4,1,2,False,baseline-auto,fresh,1044.8687002062798,True,138,0,5368930688,136,2,311.172,177.192,,,,1,0
real-learning,mixed,4,1,2,False,baseline-auto,cache,45.99240003153682,True,0,138,0,0,0,0.0,0.0,,,,0,0
real-learning,mixed,4,1,2,False,new-cpu,fresh,910.0103999953717,True,138,0,5368930688,138,0,0.0,0.0,1,10,0,0,0
real-learning,mixed,4,1,2,False,new-cpu,cache,45.39560014382005,True,0,138,0,0,0,0.0,0.0,1,0,0,0,0
real-learning,mixed,4,1,2,False,new-auto,fresh,883.3264999557287,True,138,0,5368930688,136,2,126.99,0.0,1,10,1,1,0
real-learning,mixed,4,1,2,False,new-auto,cache,46.285999938845634,True,0,138,0,0,0,0.0,0.0,1,0,0,0,0
real-learning,mixed,4,1,3,False,baseline-auto,fresh,988.5521000251174,True,138,0,5368930688,136,2,299.257,185.485,,,,1,0
real-learning,mixed,4,1,3,False,baseline-auto,cache,48.67920000106096,True,0,138,0,0,0,0.0,0.0,,,,0,0
real-learning,mixed,4,1,3,False,new-no-pgo,fresh,903.066199971363,True,138,0,5368930688,136,2,115.843,0.0,0,0,0,1,0
real-learning,mixed,4,1,3,False,new-no-pgo,cache,46.62419995293021,True,0,138,0,0,0,0.0,0.0,0,0,0,0,0
real-learning,mixed,4,1,3,False,new-cpu,fresh,899.655400076881,True,138,0,5368930688,138,0,0.0,0.0,1,10,0,0,0
real-learning,mixed,4,1,3,False,new-cpu,cache,43.19830005988479,True,0,138,0,0,0,0.0,0.0,1,0,0,0,0
real-learning,mixed,4,1,3,False,new-auto,fresh,878.9419999811798,True,138,0,5368930688,136,2,127.953,0.0,1,10,1,1,0
real-learning,mixed,4,1,3,False,new-auto,cache,45.42699991725385,True,0,138,0,0,0,0.0,0.0,1,0,0,0,0
real-learning,mixed,4,1,4,False,new-no-pgo,fresh,907.1143998298794,True,138,0,5368930688,136,2,123.793,0.0,0,0,0,1,0
real-learning,mixed,4,1,4,False,new-no-pgo,cache,50.114099867641926,True,0,138,0,0,0,0.0,0.0,0,0,0,0,0
real-learning,mixed,4,1,4,False,new-cpu,fresh,915.654200129211,True,138,0,5368930688,138,0,0.0,0.0,1,10,0,0,0
real-learning,mixed,4,1,4,False,new-cpu,cache,54.96149999089539,True,0,138,0,0,0,0.0,0.0,1,0,0,0,0
real-learning,mixed,4,1,4,False,baseline-auto,fresh,954.4559000059962,True,138,0,5368930688,136,2,300.059,159.279,,,,1,0
real-learning,mixed,4,1,4,False,baseline-auto,cache,50.96969986334443,True,0,138,0,0,0,0.0,0.0,,,,0,0
real-learning,mixed,4,1,4,False,new-auto,fresh,867.338800104335,True,138,0,5368930688,136,2,122.177,0.0,1,10,1,1,0
real-learning,mixed,4,1,4,False,new-auto,cache,43.14110008999705,True,0,138,0,0,0,0.0,0.0,1,0,0,0,0
real-learning,mixed,4,1,5,False,baseline-auto,fresh,992.1037999447435,True,138,0,5368930688,136,2,280.665,169.016,,,,1,0
real-learning,mixed,4,1,5,False,baseline-auto,cache,50.55619985796511,True,0,138,0,0,0,0.0,0.0,,,,0,0
real-learning,mixed,4,1,5,False,new-no-pgo,fresh,814.1961998771876,True,138,0,5368930688,136,2,110.959,0.0,0,0,0,1,0
real-learning,mixed,4,1,5,False,new-no-pgo,cache,46.441599959507585,True,0,138,0,0,0,0.0,0.0,0,0,0,0,0
real-learning,mixed,4,1,5,False,new-auto,fresh,955.3365998435766,True,138,0,5368930688,136,2,117.215,0.0,1,10,1,1,0
real-learning,mixed,4,1,5,False,new-auto,cache,45.167900156229734,True,0,138,0,0,0,0.0,0.0,1,0,0,0,0
real-learning,mixed,4,1,5,False,new-cpu,fresh,933.6893998552114,True,138,0,5368930688,138,0,0.0,0.0,1,10,0,0,0
real-learning,mixed,4,1,5,False,new-cpu,cache,45.77560001052916,True,0,138,0,0,0,0.0,0.0,1,0,0,0,0
real-learning,mixed,4,1,6,False,new-no-pgo,fresh,962.7992999739945,True,138,0,5368930688,136,2,144.221,0.0,0,0,0,1,0
real-learning,mixed,4,1,6,False,new-no-pgo,cache,50.16339989379048,True,0,138,0,0,0,0.0,0.0,0,0,0,0,0
real-learning,mixed,4,1,6,False,new-auto,fresh,987.7371001057327,True,138,0,5368930688,136,2,116.591,0.0,1,10,1,1,0
real-learning,mixed,4,1,6,False,new-auto,cache,44.81370002031326,True,0,138,0,0,0,0.0,0.0,1,0,0,0,0
real-learning,mixed,4,1,6,False,new-cpu,fresh,931.4971999265254,True,138,0,5368930688,138,0,0.0,0.0,1,10,0,0,0
real-learning,mixed,4,1,6,False,new-cpu,cache,58.21950011886656,True,0,138,0,0,0,0.0,0.0,1,0,0,0,0
real-learning,mixed,4,1,6,False,baseline-auto,fresh,1152.9489997774363,True,138,0,5368930688,136,2,287.932,159.645,,,,1,0
real-learning,mixed,4,1,6,False,baseline-auto,cache,55.12639996595681,True,0,138,0,0,0,0.0,0.0,,,,0,0
audit,small,4,1,-1,True,new-no-pgo,fresh,1474.6324999723583,True,20000,0,348672000,20000,0,0.0,0.0,0,0,0,0,0
audit,small,4,1,-1,True,new-no-pgo,cache,543.895100010559,True,0,20000,0,0,0,0.0,0.0,0,0,0,0,0
audit,small,4,1,-1,True,new-cpu,fresh,1456.2792000360787,True,20000,0,348672000,20000,0,0.0,0.0,1,310,0,0,0
audit,small,4,1,-1,True,new-cpu,cache,528.2782998401672,True,0,20000,0,0,0,0.0,0.0,1,0,0,0,0
audit,small,4,1,-1,True,baseline-auto,fresh,1445.6139001995325,True,20000,0,348672000,20000,0,0.0,0.0,,,,0,0
audit,small,4,1,-1,True,baseline-auto,cache,525.1740999519825,True,0,20000,0,0,0,0.0,0.0,,,,0,0
audit,small,4,1,-1,True,new-auto,fresh,1481.8210999947041,True,20000,0,348672000,20000,0,0.0,0.0,1,310,0,0,0
audit,small,4,1,-1,True,new-auto,cache,509.2703001573682,True,0,20000,0,0,0,0.0,0.0,1,0,0,0,0
audit,small,4,1,0,False,new-no-pgo,fresh,1437.7167001366615,True,20000,0,348672000,20000,0,0.0,0.0,0,0,0,0,0
audit,small,4,1,0,False,new-no-pgo,cache,520.7444000989199,True,0,20000,0,0,0,0.0,0.0,0,0,0,0,0
audit,small,4,1,0,False,new-cpu,fresh,1496.088600018993,True,20000,0,348672000,20000,0,0.0,0.0,1,310,0,0,0
audit,small,4,1,0,False,new-cpu,cache,511.4120999351144,True,0,20000,0,0,0,0.0,0.0,1,0,0,0,0
audit,small,4,1,0,False,baseline-auto,fresh,1490.7183998730034,True,20000,0,348672000,20000,0,0.0,0.0,,,,0,0
audit,small,4,1,0,False,baseline-auto,cache,506.64540007710457,True,0,20000,0,0,0,0.0,0.0,,,,0,0
audit,small,4,1,0,False,new-auto,fresh,1433.3446000237018,True,20000,0,348672000,20000,0,0.0,0.0,1,311,0,0,0
audit,small,4,1,0,False,new-auto,cache,526.4421999454498,True,0,20000,0,0,0,0.0,0.0,1,0,0,0,0
audit,small,4,1,1,False,new-cpu,fresh,1452.1065999288112,True,20000,0,348672000,20000,0,0.0,0.0,1,312,0,0,0
audit,small,4,1,1,False,new-cpu,cache,522.657300112769,True,0,20000,0,0,0,0.0,0.0,1,0,0,0,0
audit,small,4,1,1,False,baseline-auto,fresh,1454.1967001277953,True,20000,0,348672000,20000,0,0.0,0.0,,,,0,0
audit,small,4,1,1,False,baseline-auto,cache,521.2213001213968,True,0,20000,0,0,0,0.0,0.0,,,,0,0
audit,small,4,1,1,False,new-auto,fresh,1487.034099875018,True,20000,0,348672000,20000,0,0.0,0.0,1,311,0,0,0
audit,small,4,1,1,False,new-auto,cache,523.2655999716371,True,0,20000,0,0,0,0.0,0.0,1,0,0,0,0
audit,small,4,1,1,False,new-no-pgo,fresh,1453.4473000094295,True,20000,0,348672000,20000,0,0.0,0.0,0,0,0,0,0
audit,small,4,1,1,False,new-no-pgo,cache,523.8985999021679,True,0,20000,0,0,0,0.0,0.0,0,0,0,0,0
audit,small,4,1,2,False,new-no-pgo,fresh,1468.7424001749605,True,20000,0,348672000,20000,0,0.0,0.0,0,0,0,0,0
audit,small,4,1,2,False,new-no-pgo,cache,514.4821999128908,True,0,20000,0,0,0,0.0,0.0,0,0,0,0,0
audit,small,4,1,2,False,baseline-auto,fresh,1471.8305999413133,True,20000,0,348672000,20000,0,0.0,0.0,,,,0,0
audit,small,4,1,2,False,baseline-auto,cache,496.5955999214202,True,0,20000,0,0,0,0.0,0.0,,,,0,0
audit,small,4,1,2,False,new-cpu,fresh,1475.958399940282,True,20000,0,348672000,20000,0,0.0,0.0,1,310,0,0,0
audit,small,4,1,2,False,new-cpu,cache,514.2286000773311,True,0,20000,0,0,0,0.0,0.0,1,0,0,0,0
audit,small,4,1,2,False,new-auto,fresh,1453.7398999091238,True,20000,0,348672000,20000,0,0.0,0.0,1,310,0,0,0
audit,small,4,1,2,False,new-auto,cache,507.5825999956578,True,0,20000,0,0,0,0.0,0.0,1,0,0,0,0
audit,small,4,1,3,False,baseline-auto,fresh,1478.2863999716938,True,20000,0,348672000,20000,0,0.0,0.0,,,,0,0
audit,small,4,1,3,False,baseline-auto,cache,504.0682000108063,True,0,20000,0,0,0,0.0,0.0,,,,0,0
audit,small,4,1,3,False,new-no-pgo,fresh,1443.4489000122994,True,20000,0,348672000,20000,0,0.0,0.0,0,0,0,0,0
audit,small,4,1,3,False,new-no-pgo,cache,498.0648001655936,True,0,20000,0,0,0,0.0,0.0,0,0,0,0,0
audit,small,4,1,3,False,new-cpu,fresh,1419.7386000305414,True,20000,0,348672000,20000,0,0.0,0.0,1,311,0,0,0
audit,small,4,1,3,False,new-cpu,cache,501.9396001007408,True,0,20000,0,0,0,0.0,0.0,1,0,0,0,0
audit,small,4,1,3,False,new-auto,fresh,1443.0251999292523,True,20000,0,348672000,20000,0,0.0,0.0,1,311,0,0,0
audit,small,4,1,3,False,new-auto,cache,517.62709999457,True,0,20000,0,0,0,0.0,0.0,1,0,0,0,0
audit,small,4,1,4,False,new-no-pgo,fresh,1455.6070000398904,True,20000,0,348672000,20000,0,0.0,0.0,0,0,0,0,0
audit,small,4,1,4,False,new-no-pgo,cache,508.8144999463111,True,0,20000,0,0,0,0.0,0.0,0,0,0,0,0
audit,small,4,1,4,False,new-cpu,fresh,1438.1069999653846,True,20000,0,348672000,20000,0,0.0,0.0,1,310,0,0,0
audit,small,4,1,4,False,new-cpu,cache,518.4484000783414,True,0,20000,0,0,0,0.0,0.0,1,0,0,0,0
audit,small,4,1,4,False,baseline-auto,fresh,1426.855199970305,True,20000,0,348672000,20000,0,0.0,0.0,,,,0,0
audit,small,4,1,4,False,baseline-auto,cache,498.2461999170482,True,0,20000,0,0,0,0.0,0.0,,,,0,0
audit,small,4,1,4,False,new-auto,fresh,1420.822500018403,True,20000,0,348672000,20000,0,0.0,0.0,1,310,0,0,0
audit,small,4,1,4,False,new-auto,cache,493.8504998572171,True,0,20000,0,0,0,0.0,0.0,1,0,0,0,0
audit,small,4,1,5,False,baseline-auto,fresh,1468.2711998466402,True,20000,0,348672000,20000,0,0.0,0.0,,,,0,0
audit,small,4,1,5,False,baseline-auto,cache,495.81360002048314,True,0,20000,0,0,0,0.0,0.0,,,,0,0
audit,small,4,1,5,False,new-no-pgo,fresh,1433.0040998756886,True,20000,0,348672000,20000,0,0.0,0.0,0,0,0,0,0
audit,small,4,1,5,False,new-no-pgo,cache,499.61180007085204,True,0,20000,0,0,0,0.0,0.0,0,0,0,0,0
audit,small,4,1,5,False,new-auto,fresh,1445.0375000014901,True,20000,0,348672000,20000,0,0.0,0.0,1,310,0,0,0
audit,small,4,1,5,False,new-auto,cache,491.90080002881587,True,0,20000,0,0,0,0.0,0.0,1,0,0,0,0
audit,small,4,1,5,False,new-cpu,fresh,1448.258499847725,True,20000,0,348672000,20000,0,0.0,0.0,1,310,0,0,0
audit,small,4,1,5,False,new-cpu,cache,487.8920998889953,True,0,20000,0,0,0,0.0,0.0,1,0,0,0,0
audit,small,4,1,6,False,new-no-pgo,fresh,1458.2450999878347,True,20000,0,348672000,20000,0,0.0,0.0,0,0,0,0,0
audit,small,4,1,6,False,new-no-pgo,cache,492.7524998784065,True,0,20000,0,0,0,0.0,0.0,0,0,0,0,0
audit,small,4,1,6,False,new-auto,fresh,1518.530400004238,True,20000,0,348672000,20000,0,0.0,0.0,1,311,0,0,0
audit,small,4,1,6,False,new-auto,cache,501.15060014650226,True,0,20000,0,0,0,0.0,0.0,1,0,0,0,0
audit,small,4,1,6,False,new-cpu,fresh,1462.0974999852479,True,20000,0,348672000,20000,0,0.0,0.0,1,312,0,0,0
audit,small,4,1,6,False,new-cpu,cache,502.7970999944955,True,0,20000,0,0,0,0.0,0.0,1,0,0,0,0
audit,small,4,1,6,False,baseline-auto,fresh,1427.4981000926346,True,20000,0,348672000,20000,0,0.0,0.0,,,,0,0
audit,small,4,1,6,False,baseline-auto,cache,516.6986000258476,True,0,20000,0,0,0,0.0,0.0,,,,0,0
audit,tex-like,20,64,-1,True,new-no-pgo,fresh,4386.859599966556,True,20001,0,102093184,20000,1,242.235,0.0,0,0,0,0,0
audit,tex-like,20,64,-1,True,new-no-pgo,cache,1259.2656998895109,True,0,20001,0,0,0,0.0,0.0,0,0,0,0,0
audit,tex-like,20,64,-1,True,new-cpu,fresh,3977.330199908465,True,20001,0,102093184,20001,0,0.0,0.0,1,305,0,0,0
audit,tex-like,20,64,-1,True,new-cpu,cache,1032.2447000071406,True,0,20001,0,0,0,0.0,0.0,1,0,0,0,0
audit,tex-like,20,64,-1,True,baseline-auto,fresh,4507.321999873966,True,20001,0,102093184,20000,1,744.868,551.415,,,,0,0
audit,tex-like,20,64,-1,True,baseline-auto,cache,1028.385299956426,True,0,20001,0,0,0,0.0,0.0,,,,0,0
audit,tex-like,20,64,-1,True,new-auto,fresh,3876.749200047925,True,20001,0,102093184,20000,1,165.822,0.0,1,302,1,0,0
audit,tex-like,20,64,-1,True,new-auto,cache,1040.7141000032425,True,0,20001,0,0,0,0.0,0.0,1,0,0,0,0
audit,tex-like,20,64,0,False,new-no-pgo,fresh,3873.3261001762003,True,20001,0,102093184,20000,1,156.435,0.0,0,0,0,0,0
audit,tex-like,20,64,0,False,new-no-pgo,cache,1028.2352999784052,True,0,20001,0,0,0,0.0,0.0,0,0,0,0,0
audit,tex-like,20,64,0,False,new-cpu,fresh,3772.6315001491457,True,20001,0,102093184,20001,0,0.0,0.0,1,304,0,0,0
audit,tex-like,20,64,0,False,new-cpu,cache,1032.7902999706566,True,0,20001,0,0,0,0.0,0.0,1,0,0,0,0
audit,tex-like,20,64,0,False,baseline-auto,fresh,4534.383099991828,True,20001,0,102093184,20000,1,796.711,590.69,,,,0,0
audit,tex-like,20,64,0,False,baseline-auto,cache,1041.374099906534,True,0,20001,0,0,0,0.0,0.0,,,,0,0
audit,tex-like,20,64,0,False,new-auto,fresh,3942.2039000783116,True,20001,0,102093184,20000,1,245.812,0.0,1,305,1,0,0
audit,tex-like,20,64,0,False,new-auto,cache,1051.1101998854429,True,0,20001,0,0,0,0.0,0.0,1,0,0,0,0
audit,tex-like,20,64,1,False,new-cpu,fresh,3971.7073999345303,True,20001,0,102093184,20001,0,0.0,0.0,1,304,0,0,0
audit,tex-like,20,64,1,False,new-cpu,cache,1065.2590999379754,True,0,20001,0,0,0,0.0,0.0,1,0,0,0,0
audit,tex-like,20,64,1,False,baseline-auto,fresh,4772.99700002186,True,20001,0,102093184,20000,1,702.632,566.005,,,,0,0
audit,tex-like,20,64,1,False,baseline-auto,cache,1035.663900198415,True,0,20001,0,0,0,0.0,0.0,,,,0,0
audit,tex-like,20,64,1,False,new-auto,fresh,4232.6062000356615,True,20001,0,102093184,20000,1,250.103,0.0,1,302,1,0,0
audit,tex-like,20,64,1,False,new-auto,cache,1033.9744000229985,True,0,20001,0,0,0,0.0,0.0,1,0,0,0,0
audit,tex-like,20,64,1,False,new-no-pgo,fresh,4482.394899940118,True,20001,0,102093184,20000,1,178.458,0.0,0,0,0,0,0
audit,tex-like,20,64,1,False,new-no-pgo,cache,1034.427999984473,True,0,20001,0,0,0,0.0,0.0,0,0,0,0,0
audit,tex-like,20,64,2,False,new-no-pgo,fresh,4339.36129999347,True,20001,0,102093184,20000,1,253.75,0.0,0,0,0,0,0
audit,tex-like,20,64,2,False,new-no-pgo,cache,1108.6429001297802,True,0,20001,0,0,0,0.0,0.0,0,0,0,0,0
audit,tex-like,20,64,2,False,baseline-auto,fresh,4952.756199985743,True,20001,0,102093184,20000,1,871.653,576.251,,,,0,0
audit,tex-like,20,64,2,False,baseline-auto,cache,1063.4159999899566,True,0,20001,0,0,0,0.0,0.0,,,,0,0
audit,tex-like,20,64,2,False,new-cpu,fresh,4277.664999943227,True,20001,0,102093184,20001,0,0.0,0.0,1,304,0,0,0
audit,tex-like,20,64,2,False,new-cpu,cache,1062.9819000605494,True,0,20001,0,0,0,0.0,0.0,1,0,0,0,0
audit,tex-like,20,64,2,False,new-auto,fresh,4392.691900022328,True,20001,0,102093184,20000,1,283.691,0.0,1,301,1,0,0
audit,tex-like,20,64,2,False,new-auto,cache,1074.4294000323862,True,0,20001,0,0,0,0.0,0.0,1,0,0,0,0
audit,tex-like,20,64,3,False,baseline-auto,fresh,5007.881799945608,True,20001,0,102093184,20000,1,944.022,600.848,,,,0,0
audit,tex-like,20,64,3,False,baseline-auto,cache,1114.9375999812037,True,0,20001,0,0,0,0.0,0.0,,,,0,0
audit,tex-like,20,64,3,False,new-no-pgo,fresh,4624.768499983475,True,20001,0,102093184,20000,1,204.455,0.0,0,0,0,0,0
audit,tex-like,20,64,3,False,new-no-pgo,cache,1111.5190000273287,True,0,20001,0,0,0,0.0,0.0,0,0,0,0,0
audit,tex-like,20,64,3,False,new-cpu,fresh,4260.6274001300335,True,20001,0,102093184,20001,0,0.0,0.0,1,303,0,0,0
audit,tex-like,20,64,3,False,new-cpu,cache,1051.1433999054134,True,0,20001,0,0,0,0.0,0.0,1,0,0,0,0
audit,tex-like,20,64,3,False,new-auto,fresh,4388.056999770924,True,20001,0,102093184,20000,1,237.304,0.0,1,303,1,0,0
audit,tex-like,20,64,3,False,new-auto,cache,1093.2995001785457,True,0,20001,0,0,0,0.0,0.0,1,0,0,0,0
audit,tex-like,20,64,4,False,new-no-pgo,fresh,4406.988099915907,True,20001,0,102093184,20000,1,335.846,0.0,0,0,0,0,0
audit,tex-like,20,64,4,False,new-no-pgo,cache,1093.375800177455,True,0,20001,0,0,0,0.0,0.0,0,0,0,0,0
audit,tex-like,20,64,4,False,new-cpu,fresh,4301.154899876565,True,20001,0,102093184,20001,0,0.0,0.0,1,302,0,0,0
audit,tex-like,20,64,4,False,new-cpu,cache,1084.1002999804914,True,0,20001,0,0,0,0.0,0.0,1,0,0,0,0
audit,tex-like,20,64,4,False,baseline-auto,fresh,5010.407299967483,True,20001,0,102093184,20000,1,1382.381,723.803,,,,0,0
audit,tex-like,20,64,4,False,baseline-auto,cache,1063.2430000696331,True,0,20001,0,0,0,0.0,0.0,,,,0,0
audit,tex-like,20,64,4,False,new-auto,fresh,4415.158899966627,True,20001,0,102093184,20000,1,222.728,0.0,1,304,1,0,0
audit,tex-like,20,64,4,False,new-auto,cache,1050.9150999132544,True,0,20001,0,0,0,0.0,0.0,1,0,0,0,0
audit,tex-like,20,64,5,False,baseline-auto,fresh,4768.760999897495,True,20001,0,102093184,20000,1,1979.981,1533.492,,,,0,0
audit,tex-like,20,64,5,False,baseline-auto,cache,1100.7838000077754,True,0,20001,0,0,0,0.0,0.0,,,,0,0
audit,tex-like,20,64,5,False,new-no-pgo,fresh,4446.709499927238,True,20001,0,102093184,20000,1,124.279,0.0,0,0,0,0,0
audit,tex-like,20,64,5,False,new-no-pgo,cache,1043.9955999609083,True,0,20001,0,0,0,0.0,0.0,0,0,0,0,0
audit,tex-like,20,64,5,False,new-auto,fresh,4451.552800135687,True,20001,0,102093184,20000,1,219.903,0.0,1,303,1,0,0
audit,tex-like,20,64,5,False,new-auto,cache,1057.4459999334067,True,0,20001,0,0,0,0.0,0.0,1,0,0,0,0
audit,tex-like,20,64,5,False,new-cpu,fresh,4314.705400029197,True,20001,0,102093184,20001,0,0.0,0.0,1,305,0,0,0
audit,tex-like,20,64,5,False,new-cpu,cache,1098.5636999830604,True,0,20001,0,0,0,0.0,0.0,1,0,0,0,0
audit,tex-like,20,64,6,False,new-no-pgo,fresh,4429.050599923357,True,20001,0,102093184,20000,1,221.802,0.0,0,0,0,0,0
audit,tex-like,20,64,6,False,new-no-pgo,cache,1103.439699858427,True,0,20001,0,0,0,0.0,0.0,0,0,0,0,0
audit,tex-like,20,64,6,False,new-auto,fresh,4462.0839999988675,True,20001,0,102093184,20000,1,115.844,0.0,1,304,1,0,0
audit,tex-like,20,64,6,False,new-auto,cache,1093.4435999952257,True,0,20001,0,0,0,0.0,0.0,1,0,0,0,0
audit,tex-like,20,64,6,False,new-cpu,fresh,4326.960199978203,True,20001,0,102093184,20001,0,0.0,0.0,1,304,0,0,0
audit,tex-like,20,64,6,False,new-cpu,cache,1091.053299838677,True,0,20001,0,0,0,0.0,0.0,1,0,0,0,0
audit,tex-like,20,64,6,False,baseline-auto,fresh,5081.646299920976,True,20001,0,102093184,20000,1,794.378,571.888,,,,0,0
audit,tex-like,20,64,6,False,baseline-auto,cache,1100.8325000293553,True,0,20001,0,0,0,0.0,0.0,,,,0,0
audit,mixed,4,1,-1,True,new-no-pgo,fresh,904.7402001451701,True,138,0,5368930688,136,2,162.016,0.0,0,0,0,1,0
audit,mixed,4,1,-1,True,new-no-pgo,cache,57.295599952340126,True,0,138,0,0,0,0.0,0.0,0,0,0,0,0
audit,mixed,4,1,-1,True,new-cpu,fresh,970.9713000338525,True,138,0,5368930688,138,0,0.0,0.0,1,10,0,0,0
audit,mixed,4,1,-1,True,new-cpu,cache,52.71910014562309,True,0,138,0,0,0,0.0,0.0,1,0,0,0,0
audit,mixed,4,1,-1,True,baseline-auto,fresh,1043.278400087729,True,138,0,5368930688,137,1,337.861,175.975,,,,0,0
audit,mixed,4,1,-1,True,baseline-auto,cache,46.37890006415546,True,0,138,0,0,0,0.0,0.0,,,,0,0
audit,mixed,4,1,-1,True,new-auto,fresh,825.1153000164777,True,138,0,5368930688,136,2,115.109,0.0,1,10,1,1,0
audit,mixed,4,1,-1,True,new-auto,cache,47.99060011282563,True,0,138,0,0,0,0.0,0.0,1,0,0,0,0
audit,mixed,4,1,0,False,new-no-pgo,fresh,922.456500120461,True,138,0,5368930688,136,2,117.346,0.0,0,0,0,1,0
audit,mixed,4,1,0,False,new-no-pgo,cache,46.26989993266761,True,0,138,0,0,0,0.0,0.0,0,0,0,0,0
audit,mixed,4,1,0,False,new-cpu,fresh,895.0265001039952,True,138,0,5368930688,138,0,0.0,0.0,1,10,0,0,0
audit,mixed,4,1,0,False,new-cpu,cache,47.98480006866157,True,0,138,0,0,0,0.0,0.0,1,0,0,0,0
audit,mixed,4,1,0,False,baseline-auto,fresh,982.3452001437545,True,138,0,5368930688,137,1,281.269,164.159,,,,0,0
audit,mixed,4,1,0,False,baseline-auto,cache,50.09909998625517,True,0,138,0,0,0,0.0,0.0,,,,0,0
audit,mixed,4,1,0,False,new-auto,fresh,788.9340000692755,True,138,0,5368930688,136,2,116.06,0.0,1,10,1,1,0
audit,mixed,4,1,0,False,new-auto,cache,45.83900002762675,True,0,138,0,0,0,0.0,0.0,1,0,0,0,0
audit,mixed,4,1,1,False,new-cpu,fresh,880.2114999853075,True,138,0,5368930688,138,0,0.0,0.0,1,10,0,0,0
audit,mixed,4,1,1,False,new-cpu,cache,44.45629986003041,True,0,138,0,0,0,0.0,0.0,1,0,0,0,0
audit,mixed,4,1,1,False,baseline-auto,fresh,955.3793000523001,True,138,0,5368930688,136,2,277.431,159.286,,,,1,0
audit,mixed,4,1,1,False,baseline-auto,cache,50.74820015579462,True,0,138,0,0,0,0.0,0.0,,,,0,0
audit,mixed,4,1,1,False,new-auto,fresh,893.9110001083463,True,138,0,5368930688,136,2,120.991,0.0,1,10,1,1,0
audit,mixed,4,1,1,False,new-auto,cache,44.56209996715188,True,0,138,0,0,0,0.0,0.0,1,0,0,0,0
audit,mixed,4,1,1,False,new-no-pgo,fresh,873.3031000010669,True,138,0,5368930688,136,2,120.987,0.0,0,0,0,1,0
audit,mixed,4,1,1,False,new-no-pgo,cache,42.9812001530081,True,0,138,0,0,0,0.0,0.0,0,0,0,0,0
audit,mixed,4,1,2,False,new-no-pgo,fresh,894.3135000299662,True,138,0,5368930688,136,2,124.899,0.0,0,0,0,1,0
audit,mixed,4,1,2,False,new-no-pgo,cache,45.851900009438396,True,0,138,0,0,0,0.0,0.0,0,0,0,0,0
audit,mixed,4,1,2,False,baseline-auto,fresh,952.7686999645084,True,138,0,5368930688,136,2,271.546,159.778,,,,1,0
audit,mixed,4,1,2,False,baseline-auto,cache,47.90560016408563,True,0,138,0,0,0,0.0,0.0,,,,0,0
audit,mixed,4,1,2,False,new-cpu,fresh,937.8298001829535,True,138,0,5368930688,138,0,0.0,0.0,1,10,0,0,0
audit,mixed,4,1,2,False,new-cpu,cache,45.29460007324815,True,0,138,0,0,0,0.0,0.0,1,0,0,0,0
audit,mixed,4,1,2,False,new-auto,fresh,795.2862998936325,True,138,0,5368930688,136,2,105.047,0.0,1,10,1,1,0
audit,mixed,4,1,2,False,new-auto,cache,49.55490003339946,True,0,138,0,0,0,0.0,0.0,1,0,0,0,0
audit,mixed,4,1,3,False,baseline-auto,fresh,945.0847001280636,True,138,0,5368930688,136,2,268.146,163.132,,,,1,0
audit,mixed,4,1,3,False,baseline-auto,cache,46.71170003712177,True,0,138,0,0,0,0.0,0.0,,,,0,0
audit,mixed,4,1,3,False,new-no-pgo,fresh,777.5469000916928,True,138,0,5368930688,136,2,109.139,0.0,0,0,0,1,0
audit,mixed,4,1,3,False,new-no-pgo,cache,52.190500078722835,True,0,138,0,0,0,0.0,0.0,0,0,0,0,0
audit,mixed,4,1,3,False,new-cpu,fresh,1093.3022000826895,True,138,0,5368930688,138,0,0.0,0.0,1,10,0,0,0
audit,mixed,4,1,3,False,new-cpu,cache,57.65690002590418,True,0,138,0,0,0,0.0,0.0,1,0,0,0,0
audit,mixed,4,1,3,False,new-auto,fresh,954.2237999849021,True,138,0,5368930688,136,2,122.366,0.0,1,10,1,1,0
audit,mixed,4,1,3,False,new-auto,cache,58.001199970021844,True,0,138,0,0,0,0.0,0.0,1,0,0,0,0
audit,mixed,4,1,4,False,new-no-pgo,fresh,885.227199876681,True,138,0,5368930688,136,2,124.028,0.0,0,0,0,1,0
audit,mixed,4,1,4,False,new-no-pgo,cache,45.94739992171526,True,0,138,0,0,0,0.0,0.0,0,0,0,0,0
audit,mixed,4,1,4,False,new-cpu,fresh,905.7614000048488,True,138,0,5368930688,138,0,0.0,0.0,1,10,0,0,0
audit,mixed,4,1,4,False,new-cpu,cache,47.99939994700253,True,0,138,0,0,0,0.0,0.0,1,0,0,0,0
audit,mixed,4,1,4,False,baseline-auto,fresh,922.8374001104385,True,138,0,5368930688,136,2,277.491,155.784,,,,1,0
audit,mixed,4,1,4,False,baseline-auto,cache,61.24449986964464,True,0,138,0,0,0,0.0,0.0,,,,0,0
audit,mixed,4,1,4,False,new-auto,fresh,870.736800134182,True,138,0,5368930688,136,2,131.681,0.0,1,10,1,1,0
audit,mixed,4,1,4,False,new-auto,cache,50.68989982828498,True,0,138,0,0,0,0.0,0.0,1,0,0,0,0
audit,mixed,4,1,5,False,baseline-auto,fresh,1035.1929999887943,True,138,0,5368930688,136,2,295.39,172.963,,,,1,0
audit,mixed,4,1,5,False,baseline-auto,cache,47.07209998741746,True,0,138,0,0,0,0.0,0.0,,,,0,0
audit,mixed,4,1,5,False,new-no-pgo,fresh,975.2670000307262,True,138,0,5368930688,136,2,130.222,0.0,0,0,0,1,0
audit,mixed,4,1,5,False,new-no-pgo,cache,48.50040003657341,True,0,138,0,0,0,0.0,0.0,0,0,0,0,0
audit,mixed,4,1,5,False,new-auto,fresh,851.1127999518067,True,138,0,5368930688,136,2,114.999,0.0,1,10,1,1,0
audit,mixed,4,1,5,False,new-auto,cache,45.448100194334984,True,0,138,0,0,0,0.0,0.0,1,0,0,0,0
audit,mixed,4,1,5,False,new-cpu,fresh,913.3423999883235,True,138,0,5368930688,138,0,0.0,0.0,1,10,0,0,0
audit,mixed,4,1,5,False,new-cpu,cache,46.81289987638593,True,0,138,0,0,0,0.0,0.0,1,0,0,0,0
audit,mixed,4,1,6,False,new-no-pgo,fresh,934.2670999467373,True,138,0,5368930688,136,2,118.774,0.0,0,0,0,1,0
audit,mixed,4,1,6,False,new-no-pgo,cache,45.32709997147322,True,0,138,0,0,0,0.0,0.0,0,0,0,0,0
audit,mixed,4,1,6,False,new-auto,fresh,979.5764000155032,True,138,0,5368930688,136,2,122.419,0.0,1,10,2,1,0
audit,mixed,4,1,6,False,new-auto,cache,47.5014999974519,True,0,138,0,0,0,0.0,0.0,1,0,0,0,0
audit,mixed,4,1,6,False,new-cpu,fresh,945.9359999746084,True,138,0,5368930688,138,0,0.0,0.0,1,10,0,0,0
audit,mixed,4,1,6,False,new-cpu,cache,48.626899952068925,True,0,138,0,0,0,0.0,0.0,1,0,0,0,0
audit,mixed,4,1,6,False,baseline-auto,fresh,979.3354999274015,True,138,0,5368930688,136,2,304.168,176.453,,,,1,0
audit,mixed,4,1,6,False,baseline-auto,cache,51.12689989618957,True,0,138,0,0,0,0.0,0.0,,,,0,0
