campaign,worker_count,version,backend,trial,process_ms,pipeline_ms,hash_work_ms,setup_sum_ms,gpu_hashes,gpu_peak,cold_start_cpu_sum,verified,binarysha
unified-w1,1,baseline,no-pgo,0,1946.1433999240398,1902.901,2010.383,75.847,8,,0,True,d58a491a7a47194ed771316f03b843cc98d2b4ffdee0321545b76a810db4010d
unified-w1,1,new,no-pgo,0,2079.8371999990195,2037.11,1909.48,71.396,16,1,0,True,3353422a0d76f572e7531356ee13230e4bea4596219ed94bf7c9a32ab5d35880
unified-w1,1,new,cpu,0,2117.8491001483053,2097.559,2041.517,0.0,0,0,0,True,3353422a0d76f572e7531356ee13230e4bea4596219ed94bf7c9a32ab5d35880
unified-w1,1,baseline,cpu,0,2126.2497999705374,2104.166,2049.623,0.0,0,,0,True,d58a491a7a47194ed771316f03b843cc98d2b4ffdee0321545b76a810db4010d
unified-w1,1,baseline,auto,0,1951.2314999010414,1908.002,2010.596,87.567,8,,0,True,d58a491a7a47194ed771316f03b843cc98d2b4ffdee0321545b76a810db4010d
unified-w1,1,new,auto,0,2123.9704000763595,2080.357,1953.477,71.201,15,1,0,True,3353422a0d76f572e7531356ee13230e4bea4596219ed94bf7c9a32ab5d35880
unified-w1,1,baseline,auto,1,1953.2083000522107,1895.147,2026.785,81.816,9,,0,True,d58a491a7a47194ed771316f03b843cc98d2b4ffdee0321545b76a810db4010d
unified-w1,1,baseline,cpu,1,2132.642899872735,2109.315,2055.847,0.0,0,,0,True,d58a491a7a47194ed771316f03b843cc98d2b4ffdee0321545b76a810db4010d
unified-w1,1,new,cpu,1,2132.416900014505,2110.645,2053.108,0.0,0,0,0,True,3353422a0d76f572e7531356ee13230e4bea4596219ed94bf7c9a32ab5d35880
unified-w1,1,new,auto,1,2139.4927999936044,2094.035,1941.574,96.689,15,1,0,True,3353422a0d76f572e7531356ee13230e4bea4596219ed94bf7c9a32ab5d35880
unified-w1,1,new,no-pgo,1,2163.2719999179244,2119.218,1967.979,94.599,16,1,0,True,3353422a0d76f572e7531356ee13230e4bea4596219ed94bf7c9a32ab5d35880
unified-w1,1,baseline,no-pgo,1,1964.1915000975132,1917.667,2035.875,95.731,8,,0,True,d58a491a7a47194ed771316f03b843cc98d2b4ffdee0321545b76a810db4010d
unified-w1,1,baseline,auto,2,1925.3084999509156,1882.966,2002.893,85.036,9,,0,True,d58a491a7a47194ed771316f03b843cc98d2b4ffdee0321545b76a810db4010d
unified-w1,1,new,auto,2,2144.158900016919,2097.869,1960.139,83.805,15,1,0,True,3353422a0d76f572e7531356ee13230e4bea4596219ed94bf7c9a32ab5d35880
unified-w1,1,new,no-pgo,2,2139.342400012538,2093.267,1929.495,109.312,16,1,0,True,3353422a0d76f572e7531356ee13230e4bea4596219ed94bf7c9a32ab5d35880
unified-w1,1,baseline,cpu,2,2144.099799916148,2121.609,2066.726,0.0,0,,0,True,d58a491a7a47194ed771316f03b843cc98d2b4ffdee0321545b76a810db4010d
unified-w1,1,new,cpu,2,2142.8686999715865,2120.869,2064.98,0.0,0,0,0,True,3353422a0d76f572e7531356ee13230e4bea4596219ed94bf7c9a32ab5d35880
unified-w1,1,baseline,no-pgo,2,1912.0263999793679,1862.65,2039.87,109.489,12,,0,True,d58a491a7a47194ed771316f03b843cc98d2b4ffdee0321545b76a810db4010d
unified-w1,1,baseline,cpu,3,2192.9216999560595,2171.745,2115.789,0.0,0,,0,True,d58a491a7a47194ed771316f03b843cc98d2b4ffdee0321545b76a810db4010d
unified-w1,1,new,no-pgo,3,2164.291299879551,2111.227,1952.292,101.974,16,1,0,True,3353422a0d76f572e7531356ee13230e4bea4596219ed94bf7c9a32ab5d35880
unified-w1,1,new,cpu,3,2168.7825999688357,2146.471,2089.491,0.0,0,0,0,True,3353422a0d76f572e7531356ee13230e4bea4596219ed94bf7c9a32ab5d35880
unified-w1,1,new,auto,3,2195.5559998750687,2145.434,1954.888,135.748,15,1,0,True,3353422a0d76f572e7531356ee13230e4bea4596219ed94bf7c9a32ab5d35880
unified-w1,1,baseline,auto,3,2035.0204000715166,1991.088,2125.965,95.62,9,,0,True,d58a491a7a47194ed771316f03b843cc98d2b4ffdee0321545b76a810db4010d
unified-w1,1,baseline,no-pgo,3,1906.460199970752,1858.124,2029.681,86.793,11,,0,True,d58a491a7a47194ed771316f03b843cc98d2b4ffdee0321545b76a810db4010d
unified-w1,1,baseline,auto,4,2020.3998000361025,1970.384,2072.225,86.975,8,,0,True,d58a491a7a47194ed771316f03b843cc98d2b4ffdee0321545b76a810db4010d
unified-w1,1,new,cpu,4,2159.4269000925124,2135.367,2080.719,0.0,0,0,0,True,3353422a0d76f572e7531356ee13230e4bea4596219ed94bf7c9a32ab5d35880
unified-w1,1,new,auto,4,2188.120399834588,2141.697,1975.689,108.745,15,1,0,True,3353422a0d76f572e7531356ee13230e4bea4596219ed94bf7c9a32ab5d35880
unified-w1,1,baseline,no-pgo,4,2051.3830999843776,2004.652,2116.496,89.561,8,,0,True,d58a491a7a47194ed771316f03b843cc98d2b4ffdee0321545b76a810db4010d
unified-w1,1,new,no-pgo,4,2159.413899993524,2113.979,1976.075,83.237,16,1,0,True,3353422a0d76f572e7531356ee13230e4bea4596219ed94bf7c9a32ab5d35880
unified-w1,1,baseline,cpu,4,2139.0966998878866,2117.216,2058.059,0.0,0,,0,True,d58a491a7a47194ed771316f03b843cc98d2b4ffdee0321545b76a810db4010d
unified-w4,4,baseline,no-pgo,0,861.7608000058681,815.612,3175.742,109.726,2,,0,True,d58a491a7a47194ed771316f03b843cc98d2b4ffdee0321545b76a810db4010d
unified-w4,4,new,no-pgo,0,1030.31719988212,970.367,3330.424,442.933,16,4,0,True,3353422a0d76f572e7531356ee13230e4bea4596219ed94bf7c9a32ab5d35880
unified-w4,4,new,cpu,0,861.5031999070197,837.278,3230.107,0.0,0,0,0,True,3353422a0d76f572e7531356ee13230e4bea4596219ed94bf7c9a32ab5d35880
unified-w4,4,baseline,cpu,0,835.8140999916941,811.407,3112.905,0.0,0,,0,True,d58a491a7a47194ed771316f03b843cc98d2b4ffdee0321545b76a810db4010d
unified-w4,4,baseline,auto,0,892.5462998449802,837.174,3213.779,133.219,1,,0,True,d58a491a7a47194ed771316f03b843cc98d2b4ffdee0321545b76a810db4010d
unified-w4,4,new,auto,0,994.3921000231057,931.07,3232.058,372.954,8,4,0,True,3353422a0d76f572e7531356ee13230e4bea4596219ed94bf7c9a32ab5d35880
unified-w4,4,baseline,auto,1,883.0639999359846,834.672,3263.752,115.061,2,,0,True,d58a491a7a47194ed771316f03b843cc98d2b4ffdee0321545b76a810db4010d
unified-w4,4,baseline,cpu,1,802.3190000094473,778.676,2994.963,0.0,0,,0,True,d58a491a7a47194ed771316f03b843cc98d2b4ffdee0321545b76a810db4010d
unified-w4,4,new,cpu,1,800.0842998735607,774.537,2997.098,0.0,0,0,0,True,3353422a0d76f572e7531356ee13230e4bea4596219ed94bf7c9a32ab5d35880
unified-w4,4,new,auto,1,1096.6608999297023,1037.846,3419.747,618.104,6,4,0,True,3353422a0d76f572e7531356ee13230e4bea4596219ed94bf7c9a32ab5d35880
unified-w4,4,new,no-pgo,1,976.2883998919278,917.26,3227.498,334.476,16,4,0,True,3353422a0d76f572e7531356ee13230e4bea4596219ed94bf7c9a32ab5d35880
unified-w4,4,baseline,no-pgo,1,868.0005001369864,819.324,3212.664,98.783,3,,0,True,d58a491a7a47194ed771316f03b843cc98d2b4ffdee0321545b76a810db4010d
unified-w4,4,baseline,auto,2,870.1544001232833,820.552,3281.958,92.34,5,,0,True,d58a491a7a47194ed771316f03b843cc98d2b4ffdee0321545b76a810db4010d
unified-w4,4,new,auto,2,975.873599993065,920.223,3230.242,337.473,12,4,0,True,3353422a0d76f572e7531356ee13230e4bea4596219ed94bf7c9a32ab5d35880
unified-w4,4,new,no-pgo,2,988.2829999551177,932.019,3189.856,390.591,16,4,0,True,3353422a0d76f572e7531356ee13230e4bea4596219ed94bf7c9a32ab5d35880
unified-w4,4,baseline,cpu,2,845.0390000361949,821.668,3146.521,0.0,0,,0,True,d58a491a7a47194ed771316f03b843cc98d2b4ffdee0321545b76a810db4010d
unified-w4,4,new,cpu,2,852.8541000559926,826.211,3193.025,0.0,0,0,0,True,3353422a0d76f572e7531356ee13230e4bea4596219ed94bf7c9a32ab5d35880
unified-w4,4,baseline,no-pgo,2,869.506100192666,818.429,3151.097,137.988,1,,0,True,d58a491a7a47194ed771316f03b843cc98d2b4ffdee0321545b76a810db4010d
unified-w4,4,baseline,cpu,3,855.1074001006782,831.52,3206.89,0.0,0,,0,True,d58a491a7a47194ed771316f03b843cc98d2b4ffdee0321545b76a810db4010d
unified-w4,4,new,no-pgo,3,1049.1897999309003,992.717,3436.273,430.793,16,4,0,True,3353422a0d76f572e7531356ee13230e4bea4596219ed94bf7c9a32ab5d35880
unified-w4,4,new,cpu,3,880.527300061658,853.216,3306.761,0.0,0,0,0,True,3353422a0d76f572e7531356ee13230e4bea4596219ed94bf7c9a32ab5d35880
unified-w4,4,new,auto,3,1031.4719998277724,974.357,3242.192,559.285,12,4,0,True,3353422a0d76f572e7531356ee13230e4bea4596219ed94bf7c9a32ab5d35880
unified-w4,4,baseline,auto,3,909.7778000868857,861.936,3332.158,104.22,1,,0,True,d58a491a7a47194ed771316f03b843cc98d2b4ffdee0321545b76a810db4010d
unified-w4,4,baseline,no-pgo,3,931.26569991,884.582,3476.137,103.632,3,,0,True,d58a491a7a47194ed771316f03b843cc98d2b4ffdee0321545b76a810db4010d
unified-w4,4,baseline,auto,4,913.8937999960035,866.824,3397.33,121.779,1,,0,True,d58a491a7a47194ed771316f03b843cc98d2b4ffdee0321545b76a810db4010d
unified-w4,4,new,cpu,4,856.2688000965863,826.361,3181.975,0.0,0,0,0,True,3353422a0d76f572e7531356ee13230e4bea4596219ed94bf7c9a32ab5d35880
unified-w4,4,new,auto,4,1192.7517000585794,1123.907,3860.481,488.701,12,4,0,True,3353422a0d76f572e7531356ee13230e4bea4596219ed94bf7c9a32ab5d35880
unified-w4,4,baseline,no-pgo,4,961.6087998729199,907.923,3617.651,96.716,4,,0,True,d58a491a7a47194ed771316f03b843cc98d2b4ffdee0321545b76a810db4010d
unified-w4,4,new,no-pgo,4,1106.0042001772672,1047.355,3710.765,363.779,16,4,0,True,3353422a0d76f572e7531356ee13230e4bea4596219ed94bf7c9a32ab5d35880
unified-w4,4,baseline,cpu,4,990.2202999219298,965.059,3702.024,0.0,0,,0,True,d58a491a7a47194ed771316f03b843cc98d2b4ffdee0321545b76a810db4010d
unified-w20,20,baseline,no-pgo,0,771.492299856618,707.508,6787.432,123.493,1,,0,True,d58a491a7a47194ed771316f03b843cc98d2b4ffdee0321545b76a810db4010d
unified-w20,20,new,no-pgo,0,1124.9331999570131,1011.848,6900.428,4451.6849999999995,16,12,0,True,3353422a0d76f572e7531356ee13230e4bea4596219ed94bf7c9a32ab5d35880
unified-w20,20,new,cpu,0,695.4189999960363,651.209,6776.55,0.0,0,0,0,True,3353422a0d76f572e7531356ee13230e4bea4596219ed94bf7c9a32ab5d35880
unified-w20,20,baseline,cpu,0,689.7833000402898,652.227,6667.703,0.0,0,,0,True,d58a491a7a47194ed771316f03b843cc98d2b4ffdee0321545b76a810db4010d
unified-w20,20,baseline,auto,0,680.3624001331627,619.803,6413.704,134.002,2,,0,True,d58a491a7a47194ed771316f03b843cc98d2b4ffdee0321545b76a810db4010d
unified-w20,20,new,auto,0,894.1301999147981,774.608,7679.681,3181.595,16,12,0,True,3353422a0d76f572e7531356ee13230e4bea4596219ed94bf7c9a32ab5d35880
unified-w20,20,baseline,auto,1,748.3809001278132,687.738,6877.767,124.419,1,,0,True,d58a491a7a47194ed771316f03b843cc98d2b4ffdee0321545b76a810db4010d
unified-w20,20,baseline,cpu,1,646.5628000441939,611.407,6363.257,0.0,0,,0,True,d58a491a7a47194ed771316f03b843cc98d2b4ffdee0321545b76a810db4010d
unified-w20,20,new,cpu,1,648.3439998701215,604.369,6471.342,0.0,0,0,0,True,3353422a0d76f572e7531356ee13230e4bea4596219ed94bf7c9a32ab5d35880
unified-w20,20,new,auto,1,956.9367000367492,841.541,6756.358,2637.074,16,9,0,True,3353422a0d76f572e7531356ee13230e4bea4596219ed94bf7c9a32ab5d35880
unified-w20,20,new,no-pgo,1,824.383300030604,722.912,7236.373,608.644,16,14,0,True,3353422a0d76f572e7531356ee13230e4bea4596219ed94bf7c9a32ab5d35880
unified-w20,20,baseline,no-pgo,1,692.437699995935,633.476,7074.491,165.767,1,,0,True,d58a491a7a47194ed771316f03b843cc98d2b4ffdee0321545b76a810db4010d
unified-w20,20,baseline,auto,2,729.6293000690639,668.847,6456.163,105.755,1,,0,True,d58a491a7a47194ed771316f03b843cc98d2b4ffdee0321545b76a810db4010d
unified-w20,20,new,auto,2,895.782700041309,795.804,6548.727,2626.908,16,14,0,True,3353422a0d76f572e7531356ee13230e4bea4596219ed94bf7c9a32ab5d35880
unified-w20,20,new,no-pgo,2,822.2027998417616,718.549,7188.064,1902.478,16,16,0,True,3353422a0d76f572e7531356ee13230e4bea4596219ed94bf7c9a32ab5d35880
unified-w20,20,baseline,cpu,2,684.5883999485523,651.314,6971.858,0.0,0,,0,True,d58a491a7a47194ed771316f03b843cc98d2b4ffdee0321545b76a810db4010d
unified-w20,20,new,cpu,2,613.9438999816775,581.668,6230.039,0.0,0,0,0,True,3353422a0d76f572e7531356ee13230e4bea4596219ed94bf7c9a32ab5d35880
unified-w20,20,baseline,no-pgo,2,682.539900066331,614.09,7024.105,149.089,1,,0,True,d58a491a7a47194ed771316f03b843cc98d2b4ffdee0321545b76a810db4010d
unified-w20,20,baseline,cpu,3,688.2365001365542,651.834,6454.903,0.0,0,,0,True,d58a491a7a47194ed771316f03b843cc98d2b4ffdee0321545b76a810db4010d
unified-w20,20,new,no-pgo,3,1069.7055999189615,972.229,6703.078,3948.692,16,9,0,True,3353422a0d76f572e7531356ee13230e4bea4596219ed94bf7c9a32ab5d35880
unified-w20,20,new,cpu,3,673.9427000284195,638.892,6595.861,0.0,0,0,0,True,3353422a0d76f572e7531356ee13230e4bea4596219ed94bf7c9a32ab5d35880
unified-w20,20,new,auto,3,887.4152998905629,781.87,7264.992,1476.77,16,14,0,True,3353422a0d76f572e7531356ee13230e4bea4596219ed94bf7c9a32ab5d35880
unified-w20,20,baseline,auto,3,771.3313000276685,704.53,6535.726,121.194,1,,0,True,d58a491a7a47194ed771316f03b843cc98d2b4ffdee0321545b76a810db4010d
unified-w20,20,baseline,no-pgo,3,691.0137999802828,631.94,6530.899,132.91,2,,0,True,d58a491a7a47194ed771316f03b843cc98d2b4ffdee0321545b76a810db4010d
unified-w20,20,baseline,auto,4,739.827600074932,682.827,6573.123,106.104,1,,0,True,d58a491a7a47194ed771316f03b843cc98d2b4ffdee0321545b76a810db4010d
unified-w20,20,new,cpu,4,637.337899999693,588.581,6348.192,0.0,0,0,0,True,3353422a0d76f572e7531356ee13230e4bea4596219ed94bf7c9a32ab5d35880
unified-w20,20,new,auto,4,991.9970999471843,894.379,6938.683,2905.525,16,14,0,True,3353422a0d76f572e7531356ee13230e4bea4596219ed94bf7c9a32ab5d35880
unified-w20,20,baseline,no-pgo,4,791.0553999245167,731.579,6833.836,134.348,1,,0,True,d58a491a7a47194ed771316f03b843cc98d2b4ffdee0321545b76a810db4010d
unified-w20,20,new,no-pgo,4,4341.610200004652,1182.664,6575.804,3894.21,16,13,0,True,3353422a0d76f572e7531356ee13230e4bea4596219ed94bf7c9a32ab5d35880
unified-w20,20,baseline,cpu,4,731.7772000096738,698.289,6921.619,0.0,0,,0,True,d58a491a7a47194ed771316f03b843cc98d2b4ffdee0321545b76a810db4010d
unified-final-w1,1,baseline,no-pgo,0,2144.0342999994755,2090.669,2266.012,119.392,7,,0,True,d58a491a7a47194ed771316f03b843cc98d2b4ffdee0321545b76a810db4010d
unified-final-w1,1,new,no-pgo,0,2371.795400045812,2322.706,2178.086,83.891,16,1,0,True,972bc2467c49ce3738023e2f9818b12f7d923e0b596de5b145fd0345f1c7b3c4
unified-final-w1,1,new,cpu,0,2266.372400103137,2241.576,2182.275,0.0,0,0,0,True,972bc2467c49ce3738023e2f9818b12f7d923e0b596de5b145fd0345f1c7b3c4
unified-final-w1,1,baseline,cpu,0,2290.546099888161,2265.217,2193.051,0.0,0,,0,True,d58a491a7a47194ed771316f03b843cc98d2b4ffdee0321545b76a810db4010d
unified-final-w1,1,baseline,auto,0,2141.8844000436366,2089.105,2334.585,129.467,8,,0,True,d58a491a7a47194ed771316f03b843cc98d2b4ffdee0321545b76a810db4010d
unified-final-w1,1,new,auto,0,2443.128499900922,2394.05,2220.817,112.888,1,1,0,True,972bc2467c49ce3738023e2f9818b12f7d923e0b596de5b145fd0345f1c7b3c4
unified-final-w1,1,baseline,auto,1,2082.151899812743,2029.47,2231.413,83.652,10,,0,True,d58a491a7a47194ed771316f03b843cc98d2b4ffdee0321545b76a810db4010d
unified-final-w1,1,baseline,cpu,1,2292.553799925372,2265.462,2203.722,0.0,0,,0,True,d58a491a7a47194ed771316f03b843cc98d2b4ffdee0321545b76a810db4010d
unified-final-w1,1,new,cpu,1,2288.0893000401556,2262.071,2198.64,0.0,0,0,0,True,972bc2467c49ce3738023e2f9818b12f7d923e0b596de5b145fd0345f1c7b3c4
unified-final-w1,1,new,auto,1,2521.8795998953283,2462.699,2241.081,159.844,1,1,0,True,972bc2467c49ce3738023e2f9818b12f7d923e0b596de5b145fd0345f1c7b3c4
unified-final-w1,1,new,no-pgo,1,2467.4764999654144,2417.554,2255.725,100.074,16,1,0,True,972bc2467c49ce3738023e2f9818b12f7d923e0b596de5b145fd0345f1c7b3c4
unified-final-w1,1,baseline,no-pgo,1,2202.3686999455094,2148.812,2427.913,90.693,8,,0,True,d58a491a7a47194ed771316f03b843cc98d2b4ffdee0321545b76a810db4010d
unified-final-w1,1,baseline,auto,2,2246.486600022763,2197.735,2455.319,99.181,9,,0,True,d58a491a7a47194ed771316f03b843cc98d2b4ffdee0321545b76a810db4010d
unified-final-w1,1,new,auto,2,2459.4433000311255,2404.798,2251.902,89.403,1,1,0,True,972bc2467c49ce3738023e2f9818b12f7d923e0b596de5b145fd0345f1c7b3c4
unified-final-w1,1,new,no-pgo,2,2637.655300088227,2585.704,2420.323,100.356,16,1,0,True,972bc2467c49ce3738023e2f9818b12f7d923e0b596de5b145fd0345f1c7b3c4
unified-final-w1,1,baseline,cpu,2,2399.8633997980505,2376.747,2316.714,0.0,0,,0,True,d58a491a7a47194ed771316f03b843cc98d2b4ffdee0321545b76a810db4010d
unified-final-w1,1,new,cpu,2,2517.8380999714136,2490.05,2421.691,0.0,0,0,0,True,972bc2467c49ce3738023e2f9818b12f7d923e0b596de5b145fd0345f1c7b3c4
unified-final-w1,1,baseline,no-pgo,2,2129.4805000070482,2077.882,2422.904,118.452,10,,0,True,d58a491a7a47194ed771316f03b843cc98d2b4ffdee0321545b76a810db4010d
unified-final-w1,1,baseline,cpu,3,2414.7442001849413,2386.722,2325.507,0.0,0,,0,True,d58a491a7a47194ed771316f03b843cc98d2b4ffdee0321545b76a810db4010d
unified-final-w1,1,new,no-pgo,3,2588.7978998944163,2537.309,2359.078,116.609,16,1,0,True,972bc2467c49ce3738023e2f9818b12f7d923e0b596de5b145fd0345f1c7b3c4
unified-final-w1,1,new,cpu,3,2434.346100082621,2404.438,2339.353,0.0,0,0,0,True,972bc2467c49ce3738023e2f9818b12f7d923e0b596de5b145fd0345f1c7b3c4
unified-final-w1,1,new,auto,3,2646.8138999771327,2599.035,2424.95,106.395,4,1,0,True,972bc2467c49ce3738023e2f9818b12f7d923e0b596de5b145fd0345f1c7b3c4
unified-final-w1,1,baseline,auto,3,2159.6828000620008,2109.688,2394.217,98.683,9,,0,True,d58a491a7a47194ed771316f03b843cc98d2b4ffdee0321545b76a810db4010d
unified-final-w1,1,baseline,no-pgo,3,2246.9599000178277,2197.36,2480.875,104.661,7,,0,True,d58a491a7a47194ed771316f03b843cc98d2b4ffdee0321545b76a810db4010d
unified-final-w1,1,baseline,auto,4,2178.081300109625,2127.775,2442.579,94.146,9,,0,True,d58a491a7a47194ed771316f03b843cc98d2b4ffdee0321545b76a810db4010d
unified-final-w1,1,new,cpu,4,2371.7439000029117,2344.788,2283.706,0.0,0,0,0,True,972bc2467c49ce3738023e2f9818b12f7d923e0b596de5b145fd0345f1c7b3c4
unified-final-w1,1,new,auto,4,2460.5929001700133,2403.518,2225.707,116.541,9,1,0,True,972bc2467c49ce3738023e2f9818b12f7d923e0b596de5b145fd0345f1c7b3c4
unified-final-w1,1,baseline,no-pgo,4,2222.4153000861406,2173.628,2428.151,106.005,8,,0,True,d58a491a7a47194ed771316f03b843cc98d2b4ffdee0321545b76a810db4010d
unified-final-w1,1,new,no-pgo,4,2539.5684000104666,2489.404,2346.072,84.246,16,1,0,True,972bc2467c49ce3738023e2f9818b12f7d923e0b596de5b145fd0345f1c7b3c4
unified-final-w1,1,baseline,cpu,4,2387.3546000104398,2363.572,2301.212,0.0,0,,0,True,d58a491a7a47194ed771316f03b843cc98d2b4ffdee0321545b76a810db4010d
unified-final-w4,4,baseline,no-pgo,0,915.0932999327779,862.05,3491.905,112.868,4,,0,True,d58a491a7a47194ed771316f03b843cc98d2b4ffdee0321545b76a810db4010d
unified-final-w4,4,new,no-pgo,0,979.3287999927998,918.251,3348.971,208.614,7,4,9,True,972bc2467c49ce3738023e2f9818b12f7d923e0b596de5b145fd0345f1c7b3c4
unified-final-w4,4,new,cpu,0,900.5879000760615,874.667,3377.645,0.0,0,0,0,True,972bc2467c49ce3738023e2f9818b12f7d923e0b596de5b145fd0345f1c7b3c4
unified-final-w4,4,baseline,cpu,0,869.8855000548065,840.294,3245.783,0.0,0,,0,True,d58a491a7a47194ed771316f03b843cc98d2b4ffdee0321545b76a810db4010d
unified-final-w4,4,baseline,auto,0,898.4644000884145,839.59,3244.145,143.943,1,,0,True,d58a491a7a47194ed771316f03b843cc98d2b4ffdee0321545b76a810db4010d
unified-final-w4,4,new,auto,0,974.1493999026716,913.312,3341.943,204.02,6,4,9,True,972bc2467c49ce3738023e2f9818b12f7d923e0b596de5b145fd0345f1c7b3c4
unified-final-w4,4,baseline,auto,1,1010.3734000585973,956.427,3765.588,123.208,2,,0,True,d58a491a7a47194ed771316f03b843cc98d2b4ffdee0321545b76a810db4010d
unified-final-w4,4,baseline,cpu,1,900.4285999108106,873.241,3363.365,0.0,0,,0,True,d58a491a7a47194ed771316f03b843cc98d2b4ffdee0321545b76a810db4010d
unified-final-w4,4,new,cpu,1,878.8341998588294,850.045,3297.905,0.0,0,0,0,True,972bc2467c49ce3738023e2f9818b12f7d923e0b596de5b145fd0345f1c7b3c4
unified-final-w4,4,new,auto,1,1005.0308001227677,942.124,3330.432,302.12600000000003,4,4,12,True,972bc2467c49ce3738023e2f9818b12f7d923e0b596de5b145fd0345f1c7b3c4
unified-final-w4,4,new,no-pgo,1,1081.6108998842537,1012.701,3720.457,219.646,10,4,6,True,972bc2467c49ce3738023e2f9818b12f7d923e0b596de5b145fd0345f1c7b3c4
unified-final-w4,4,baseline,no-pgo,1,1029.5258001424372,975.479,3886.888,120.934,3,,0,True,d58a491a7a47194ed771316f03b843cc98d2b4ffdee0321545b76a810db4010d
unified-final-w4,4,baseline,auto,2,1045.390399871394,993.675,3813.802,145.816,2,,0,True,d58a491a7a47194ed771316f03b843cc98d2b4ffdee0321545b76a810db4010d
unified-final-w4,4,new,auto,2,1056.3681998755783,990.966,3639.149,169.01500000000001,4,2,8,True,972bc2467c49ce3738023e2f9818b12f7d923e0b596de5b145fd0345f1c7b3c4
unified-final-w4,4,new,no-pgo,2,1042.7490000147372,976.452,3586.423,181.20999999999998,7,4,9,True,972bc2467c49ce3738023e2f9818b12f7d923e0b596de5b145fd0345f1c7b3c4
unified-final-w4,4,baseline,cpu,2,926.5403999015689,900.724,3483.579,0.0,0,,0,True,d58a491a7a47194ed771316f03b843cc98d2b4ffdee0321545b76a810db4010d
unified-final-w4,4,new,cpu,2,951.5258001629263,920.94,3561.503,0.0,0,0,0,True,972bc2467c49ce3738023e2f9818b12f7d923e0b596de5b145fd0345f1c7b3c4
unified-final-w4,4,baseline,no-pgo,2,1001.509000081569,946.89,3718.413,200.557,3,,0,True,d58a491a7a47194ed771316f03b843cc98d2b4ffdee0321545b76a810db4010d
unified-final-w4,4,baseline,cpu,3,889.3649999517947,863.776,3335.923,0.0,0,,0,True,d58a491a7a47194ed771316f03b843cc98d2b4ffdee0321545b76a810db4010d
unified-final-w4,4,new,no-pgo,3,1012.1951999608427,942.545,3446.744,200.215,8,4,8,True,972bc2467c49ce3738023e2f9818b12f7d923e0b596de5b145fd0345f1c7b3c4
unified-final-w4,4,new,cpu,3,926.2520000338554,900.684,3498.078,0.0,0,0,0,True,972bc2467c49ce3738023e2f9818b12f7d923e0b596de5b145fd0345f1c7b3c4
unified-final-w4,4,new,auto,3,1061.4568998571485,1000.239,3596.573,245.49399999999997,6,4,9,True,972bc2467c49ce3738023e2f9818b12f7d923e0b596de5b145fd0345f1c7b3c4
unified-final-w4,4,baseline,auto,3,1013.9692001976073,960.929,3850.497,114.844,3,,0,True,d58a491a7a47194ed771316f03b843cc98d2b4ffdee0321545b76a810db4010d
unified-final-w4,4,baseline,no-pgo,3,979.2915999423712,923.219,3614.325,140.437,2,,0,True,d58a491a7a47194ed771316f03b843cc98d2b4ffdee0321545b76a810db4010d
unified-final-w4,4,baseline,auto,4,1029.6010000165552,973.241,3816.423,152.803,2,,0,True,d58a491a7a47194ed771316f03b843cc98d2b4ffdee0321545b76a810db4010d
unified-final-w4,4,new,cpu,4,965.01459996216,936.492,3634.281,0.0,0,0,0,True,972bc2467c49ce3738023e2f9818b12f7d923e0b596de5b145fd0345f1c7b3c4
unified-final-w4,4,new,auto,4,1011.4362000022084,942.807,3419.39,248.987,6,4,9,True,972bc2467c49ce3738023e2f9818b12f7d923e0b596de5b145fd0345f1c7b3c4
unified-final-w4,4,baseline,no-pgo,4,1015.3509001247585,959.323,3823.14,120.99,4,,0,True,d58a491a7a47194ed771316f03b843cc98d2b4ffdee0321545b76a810db4010d
unified-final-w4,4,new,no-pgo,4,980.1442997995764,914.61,3363.084,192.043,7,4,9,True,972bc2467c49ce3738023e2f9818b12f7d923e0b596de5b145fd0345f1c7b3c4
unified-final-w4,4,baseline,cpu,4,957.3927000164986,927.253,3589.776,0.0,0,,0,True,d58a491a7a47194ed771316f03b843cc98d2b4ffdee0321545b76a810db4010d
unified-final-w20,20,baseline,no-pgo,0,889.4435002002865,797.128,7119.518,188.812,1,,0,True,d58a491a7a47194ed771316f03b843cc98d2b4ffdee0321545b76a810db4010d
unified-final-w20,20,new,no-pgo,0,828.462400007993,762.94,7955.029,249.327,1,1,15,True,972bc2467c49ce3738023e2f9818b12f7d923e0b596de5b145fd0345f1c7b3c4
unified-final-w20,20,new,cpu,0,678.724099881947,641.883,7283.461,0.0,0,0,0,True,972bc2467c49ce3738023e2f9818b12f7d923e0b596de5b145fd0345f1c7b3c4
unified-final-w20,20,baseline,cpu,0,699.0306999068707,661.449,6903.594,0.0,0,,0,True,d58a491a7a47194ed771316f03b843cc98d2b4ffdee0321545b76a810db4010d
unified-final-w20,20,baseline,auto,0,903.3039000350982,839.163,7373.365,175.757,1,,0,True,d58a491a7a47194ed771316f03b843cc98d2b4ffdee0321545b76a810db4010d
unified-final-w20,20,new,auto,0,807.3422000743449,740.798,7202.713,156.604,1,1,15,True,972bc2467c49ce3738023e2f9818b12f7d923e0b596de5b145fd0345f1c7b3c4
unified-final-w20,20,baseline,auto,1,862.2105000540614,798.29,7602.138,220.012,1,,0,True,d58a491a7a47194ed771316f03b843cc98d2b4ffdee0321545b76a810db4010d
unified-final-w20,20,baseline,cpu,1,721.6022999491543,684.411,7337.44,0.0,0,,0,True,d58a491a7a47194ed771316f03b843cc98d2b4ffdee0321545b76a810db4010d
unified-final-w20,20,new,cpu,1,678.5651000682265,641.097,6871.198,0.0,0,0,0,True,972bc2467c49ce3738023e2f9818b12f7d923e0b596de5b145fd0345f1c7b3c4
unified-final-w20,20,new,auto,1,830.0761000718921,753.121,6909.517,175.207,1,1,15,True,972bc2467c49ce3738023e2f9818b12f7d923e0b596de5b145fd0345f1c7b3c4
unified-final-w20,20,new,no-pgo,1,858.8066999800503,794.309,7278.141,189.687,1,1,15,True,972bc2467c49ce3738023e2f9818b12f7d923e0b596de5b145fd0345f1c7b3c4
unified-final-w20,20,baseline,no-pgo,1,885.3108999319375,818.837,7655.439,199.692,1,,0,True,d58a491a7a47194ed771316f03b843cc98d2b4ffdee0321545b76a810db4010d
unified-final-w20,20,baseline,auto,2,824.5639998931438,762.759,7476.591,187.02,1,,0,True,d58a491a7a47194ed771316f03b843cc98d2b4ffdee0321545b76a810db4010d
unified-final-w20,20,new,auto,2,844.042600132525,779.124,7209.417,184.25,1,1,15,True,972bc2467c49ce3738023e2f9818b12f7d923e0b596de5b145fd0345f1c7b3c4
unified-final-w20,20,new,no-pgo,2,852.547800168395,783.802,7153.615,187.513,1,1,15,True,972bc2467c49ce3738023e2f9818b12f7d923e0b596de5b145fd0345f1c7b3c4
unified-final-w20,20,baseline,cpu,2,807.9468999058008,769.1,7921.684,0.0,0,,0,True,d58a491a7a47194ed771316f03b843cc98d2b4ffdee0321545b76a810db4010d
unified-final-w20,20,new,cpu,2,823.0878999456763,764.268,8708.438,0.0,0,0,0,True,972bc2467c49ce3738023e2f9818b12f7d923e0b596de5b145fd0345f1c7b3c4
unified-final-w20,20,baseline,no-pgo,2,921.1252999957651,846.972,8662.826,321.343,1,,0,True,d58a491a7a47194ed771316f03b843cc98d2b4ffdee0321545b76a810db4010d
unified-final-w20,20,baseline,cpu,3,752.9808001127094,715.862,7679.438,0.0,0,,0,True,d58a491a7a47194ed771316f03b843cc98d2b4ffdee0321545b76a810db4010d
unified-final-w20,20,new,no-pgo,3,838.9568000566214,774.293,7130.214,181.241,1,1,15,True,972bc2467c49ce3738023e2f9818b12f7d923e0b596de5b145fd0345f1c7b3c4
unified-final-w20,20,new,cpu,3,811.9326001033187,768.407,7954.57,0.0,0,0,0,True,972bc2467c49ce3738023e2f9818b12f7d923e0b596de5b145fd0345f1c7b3c4
unified-final-w20,20,new,auto,3,847.8304999880493,781.624,7369.414,192.782,1,1,15,True,972bc2467c49ce3738023e2f9818b12f7d923e0b596de5b145fd0345f1c7b3c4
unified-final-w20,20,baseline,auto,3,904.249400133267,839.54,7531.594,210.493,1,,0,True,d58a491a7a47194ed771316f03b843cc98d2b4ffdee0321545b76a810db4010d
unified-final-w20,20,baseline,no-pgo,3,903.3595998771489,836.508,8296.054,238.815,1,,0,True,d58a491a7a47194ed771316f03b843cc98d2b4ffdee0321545b76a810db4010d
unified-final-w20,20,baseline,auto,4,910.074400017038,838.552,7843.932,218.938,1,,0,True,d58a491a7a47194ed771316f03b843cc98d2b4ffdee0321545b76a810db4010d
unified-final-w20,20,new,cpu,4,730.9044001158327,665.287,7583.941,0.0,0,0,0,True,972bc2467c49ce3738023e2f9818b12f7d923e0b596de5b145fd0345f1c7b3c4
unified-final-w20,20,new,auto,4,845.1497999485582,774.533,7272.746,209.705,1,1,15,True,972bc2467c49ce3738023e2f9818b12f7d923e0b596de5b145fd0345f1c7b3c4
unified-final-w20,20,baseline,no-pgo,4,924.8793001752347,857.287,7775.261,233.841,1,,0,True,d58a491a7a47194ed771316f03b843cc98d2b4ffdee0321545b76a810db4010d
unified-final-w20,20,new,no-pgo,4,806.4206999260932,738.611,7423.68,184.795,1,1,15,True,972bc2467c49ce3738023e2f9818b12f7d923e0b596de5b145fd0345f1c7b3c4
unified-final-w20,20,baseline,cpu,4,810.3080000728369,769.681,7929.161,0.0,0,,0,True,d58a491a7a47194ed771316f03b843cc98d2b4ffdee0321545b76a810db4010d
unified-final-steady,4,baseline,no-pgo,0,826.0299998801202,772.049,3478.203,115.764,12,,0,True,d58a491a7a47194ed771316f03b843cc98d2b4ffdee0321545b76a810db4010d
unified-final-steady,4,new,no-pgo,0,1188.897700048983,1115.362,4145.031,200.691,55,4,9,True,972bc2467c49ce3738023e2f9818b12f7d923e0b596de5b145fd0345f1c7b3c4
unified-final-steady,4,new,cpu,0,692.3267000820488,666.972,2566.62,0.0,0,0,0,True,972bc2467c49ce3738023e2f9818b12f7d923e0b596de5b145fd0345f1c7b3c4
unified-final-steady,4,baseline,cpu,0,639.6578000858426,614.925,2360.816,0.0,0,,0,True,d58a491a7a47194ed771316f03b843cc98d2b4ffdee0321545b76a810db4010d
unified-final-steady,4,baseline,auto,0,817.3906998708844,746.613,3329.419,133.041,11,,0,True,d58a491a7a47194ed771316f03b843cc98d2b4ffdee0321545b76a810db4010d
unified-final-steady,4,new,auto,0,1256.8888999521732,1189.124,4315.49,290.425,18,4,12,True,972bc2467c49ce3738023e2f9818b12f7d923e0b596de5b145fd0345f1c7b3c4
unified-final-steady,4,baseline,auto,1,630.7879998348653,575.952,2587.194,119.888,13,,0,True,d58a491a7a47194ed771316f03b843cc98d2b4ffdee0321545b76a810db4010d
unified-final-steady,4,baseline,cpu,1,659.5874999184161,635.745,2448.763,0.0,0,,0,True,d58a491a7a47194ed771316f03b843cc98d2b4ffdee0321545b76a810db4010d
unified-final-steady,4,new,cpu,1,660.8011999633163,635.615,2449.324,0.0,0,0,0,True,972bc2467c49ce3738023e2f9818b12f7d923e0b596de5b145fd0345f1c7b3c4
unified-final-steady,4,new,auto,1,1030.6486000772566,956.462,3453.489,193.62199999999999,22,4,9,True,972bc2467c49ce3738023e2f9818b12f7d923e0b596de5b145fd0345f1c7b3c4
unified-final-steady,4,new,no-pgo,1,1033.8797001168132,973.274,3568.641,177.612,55,4,9,True,972bc2467c49ce3738023e2f9818b12f7d923e0b596de5b145fd0345f1c7b3c4
unified-final-steady,4,baseline,no-pgo,1,636.0874997917563,581.334,2601.728,116.49,13,,0,True,d58a491a7a47194ed771316f03b843cc98d2b4ffdee0321545b76a810db4010d
unified-final-steady,4,baseline,auto,2,615.0353997945786,561.112,2501.068,106.171,13,,0,True,d58a491a7a47194ed771316f03b843cc98d2b4ffdee0321545b76a810db4010d
unified-final-steady,4,new,auto,2,916.5418001357466,851.146,3087.179,169.84,19,4,9,True,972bc2467c49ce3738023e2f9818b12f7d923e0b596de5b145fd0345f1c7b3c4
unified-final-steady,4,new,no-pgo,2,1002.0330001134425,937.696,3426.084,171.74800000000002,55,4,9,True,972bc2467c49ce3738023e2f9818b12f7d923e0b596de5b145fd0345f1c7b3c4
unified-final-steady,4,baseline,cpu,2,674.2219999432564,650.09,2471.477,0.0,0,,0,True,d58a491a7a47194ed771316f03b843cc98d2b4ffdee0321545b76a810db4010d
unified-final-steady,4,new,cpu,2,631.6347999963909,607.46,2337.035,0.0,0,0,0,True,972bc2467c49ce3738023e2f9818b12f7d923e0b596de5b145fd0345f1c7b3c4
unified-final-steady,4,baseline,no-pgo,2,592.6290000788867,542.579,2408.052,99.762,14,,0,True,d58a491a7a47194ed771316f03b843cc98d2b4ffdee0321545b76a810db4010d
unified-final-steady,4,baseline,cpu,3,648.7896000035107,622.565,2376.492,0.0,0,,0,True,d58a491a7a47194ed771316f03b843cc98d2b4ffdee0321545b76a810db4010d
unified-final-steady,4,new,no-pgo,3,903.9433998987079,844.902,3076.075,167.164,55,4,9,True,972bc2467c49ce3738023e2f9818b12f7d923e0b596de5b145fd0345f1c7b3c4
unified-final-steady,4,new,cpu,3,629.8082999419421,601.664,2317.362,0.0,0,0,0,True,972bc2467c49ce3738023e2f9818b12f7d923e0b596de5b145fd0345f1c7b3c4
unified-final-steady,4,new,auto,3,859.0586001519114,799.059,2905.992,164.799,22,4,9,True,972bc2467c49ce3738023e2f9818b12f7d923e0b596de5b145fd0345f1c7b3c4
unified-final-steady,4,baseline,auto,3,618.3321999851614,565.892,2562.22,110.467,14,,0,True,d58a491a7a47194ed771316f03b843cc98d2b4ffdee0321545b76a810db4010d
unified-final-steady,4,baseline,no-pgo,3,599.3071999400854,547.204,2431.819,97.062,14,,0,True,d58a491a7a47194ed771316f03b843cc98d2b4ffdee0321545b76a810db4010d
unified-final-steady,4,baseline,auto,4,586.7870999500155,537.967,2365.888,88.672,14,,0,True,d58a491a7a47194ed771316f03b843cc98d2b4ffdee0321545b76a810db4010d
unified-final-steady,4,new,cpu,4,634.386699879542,607.608,2312.668,0.0,0,0,0,True,972bc2467c49ce3738023e2f9818b12f7d923e0b596de5b145fd0345f1c7b3c4
unified-final-steady,4,new,auto,4,879.7973999753594,821.135,2993.262,167.814,7,4,9,True,972bc2467c49ce3738023e2f9818b12f7d923e0b596de5b145fd0345f1c7b3c4
unified-final-steady,4,baseline,no-pgo,4,623.939799843356,573.109,2577.462,108.122,13,,0,True,d58a491a7a47194ed771316f03b843cc98d2b4ffdee0321545b76a810db4010d
unified-final-steady,4,new,no-pgo,4,898.1743999756873,841.919,3059.251,149.322,55,4,9,True,972bc2467c49ce3738023e2f9818b12f7d923e0b596de5b145fd0345f1c7b3c4
unified-final-steady,4,baseline,cpu,4,649.5717000216246,614.037,2350.92,0.0,0,,0,True,d58a491a7a47194ed771316f03b843cc98d2b4ffdee0321545b76a810db4010d
unified-final-equal-total,5,new,auto,0,735.5146000627428,675.855,2985.718,210.733,17,5,12,True,972bc2467c49ce3738023e2f9818b12f7d923e0b596de5b145fd0345f1c7b3c4
unified-final-equal-total,5,new,no-pgo,0,667.0082998462021,609.746,2668.328,177.368,52,5,12,True,972bc2467c49ce3738023e2f9818b12f7d923e0b596de5b145fd0345f1c7b3c4
unified-final-equal-total,4,baseline,no-pgo,0,490.2130998671055,445.629,1944.106,85.178,15,,0,True,d58a491a7a47194ed771316f03b843cc98d2b4ffdee0321545b76a810db4010d
unified-final-equal-total,4,baseline,auto,0,476.2065999675542,431.689,1825.213,76.838,15,,0,True,d58a491a7a47194ed771316f03b843cc98d2b4ffdee0321545b76a810db4010d
unified-final-equal-total,4,baseline,no-pgo,1,462.76709996163845,417.44,1826.281,78.433,14,,0,True,d58a491a7a47194ed771316f03b843cc98d2b4ffdee0321545b76a810db4010d
unified-final-equal-total,4,baseline,auto,1,479.841599939391,437.455,1854.762,79.142,15,,0,True,d58a491a7a47194ed771316f03b843cc98d2b4ffdee0321545b76a810db4010d
unified-final-equal-total,5,new,no-pgo,1,617.1719999983907,560.149,2410.93,163.54399999999998,52,5,12,True,972bc2467c49ce3738023e2f9818b12f7d923e0b596de5b145fd0345f1c7b3c4
unified-final-equal-total,5,new,auto,1,543.624100042507,484.241,2032.878,167.036,26,5,16,True,972bc2467c49ce3738023e2f9818b12f7d923e0b596de5b145fd0345f1c7b3c4
unified-final-equal-total,4,baseline,auto,2,503.3126000780612,452.077,1951.719,92.661,15,,0,True,d58a491a7a47194ed771316f03b843cc98d2b4ffdee0321545b76a810db4010d
unified-final-equal-total,5,new,no-pgo,2,622.2975000273436,566.536,2374.74,192.571,52,5,12,True,972bc2467c49ce3738023e2f9818b12f7d923e0b596de5b145fd0345f1c7b3c4
unified-final-equal-total,5,new,auto,2,652.9436998534948,596.891,2670.932,154.325,15,5,12,True,972bc2467c49ce3738023e2f9818b12f7d923e0b596de5b145fd0345f1c7b3c4
unified-final-equal-total,4,baseline,no-pgo,2,495.65690010786057,446.98,1975.016,93.876,14,,0,True,d58a491a7a47194ed771316f03b843cc98d2b4ffdee0321545b76a810db4010d
unified-final-equal-total,5,new,auto,3,658.1300001125783,587.566,2599.503,159.31,17,4,12,True,972bc2467c49ce3738023e2f9818b12f7d923e0b596de5b145fd0345f1c7b3c4
unified-final-equal-total,4,baseline,auto,3,493.59710002318025,440.954,1876.538,77.364,15,,0,True,d58a491a7a47194ed771316f03b843cc98d2b4ffdee0321545b76a810db4010d
unified-final-equal-total,4,baseline,no-pgo,3,472.3408999852836,427.889,1870.45,73.565,14,,0,True,d58a491a7a47194ed771316f03b843cc98d2b4ffdee0321545b76a810db4010d
unified-final-equal-total,5,new,no-pgo,3,583.626399980858,530.335,2314.311,152.061,52,5,12,True,972bc2467c49ce3738023e2f9818b12f7d923e0b596de5b145fd0345f1c7b3c4
unified-final-equal-total,4,baseline,auto,4,494.76759997196496,451.682,1978.257,92.455,14,,0,True,d58a491a7a47194ed771316f03b843cc98d2b4ffdee0321545b76a810db4010d
unified-final-equal-total,5,new,auto,4,1013.7212001718581,953.223,4319.083,201.817,20,4,12,True,972bc2467c49ce3738023e2f9818b12f7d923e0b596de5b145fd0345f1c7b3c4
unified-final-equal-total,5,new,no-pgo,4,1034.8435000050813,972.097,4448.512,190.43,52,5,12,True,972bc2467c49ce3738023e2f9818b12f7d923e0b596de5b145fd0345f1c7b3c4
unified-final-equal-total,4,baseline,no-pgo,4,860.6988999526948,806.583,3716.161,103.659,15,,0,True,d58a491a7a47194ed771316f03b843cc98d2b4ffdee0321545b76a810db4010d
